city_id,town_id,city_name,lat,lng
011011,01,札幌市中央区,43.055460,141.340956
011029,01,札幌市北区,43.090850,141.340831
011037,01,札幌市東区,43.076069,141.363722
011045,01,札幌市白石区,43.047687,141.405078
011053,01,札幌市豊平区,43.031291,141.380106
011061,01,札幌市南区,42.990031,141.353497
011070,01,札幌市西区,43.074470,141.300889
011088,01,札幌市厚別区,43.036408,141.474789
011096,01,札幌市手稲区,43.121944,141.245632
011100,01,札幌市清田区,42.999636,141.443830
012025,01,函館市,41.768793,140.728810
012033,01,小樽市,43.190717,140.994662
012041,01,旭川市,43.770636,142.364819
012050,01,室蘭市,42.315231,140.973799
012068,01,釧路市,42.984854,144.381356
012076,01,帯広市,42.923899,143.196103
012084,01,北見市,43.804031,143.895876
012092,01,夕張市,43.056734,141.973896
012106,01,岩見沢市,43.196206,141.775933
012114,01,網走市,44.020632,144.273398
012122,01,留萌市,43.940987,141.637012
012131,01,苫小牧市,42.634302,141.605372
012149,01,稚内市,45.415664,141.673082
012157,01,美唄市,43.332881,141.853785
012165,01,芦別市,43.518166,142.189436
012173,01,江別市,43.103745,141.536247
012181,01,赤平市,43.558074,142.044211
012190,01,紋別市,44.356484,143.354503
012203,01,士別市,44.178734,142.400404
012211,01,名寄市,44.355938,142.463167
012220,01,三笠市,43.245435,141.875327
012238,01,根室市,43.330076,145.582790
012246,01,千歳市,42.820958,141.650876
012254,01,滝川市,43.557795,141.910190
012262,01,砂川市,43.494843,141.903465
012271,01,歌志内市,43.521353,142.034568
012289,01,深川市,43.723260,142.053538
012297,01,富良野市,43.342140,142.383225
012301,01,登別市,42.412760,141.106632
012319,01,恵庭市,42.882562,141.577815
012335,01,伊達市,42.471851,140.864679
012343,01,北広島市,42.985630,141.563543
012351,01,石狩市,43.171384,141.315520
012360,01,北斗市,41.824060,140.652903
013030,01,石狩郡当別町,43.223683,141.517072
013048,01,石狩郡新篠津村,43.225424,141.649216
013315,01,松前郡松前町,41.430037,140.110435
013323,01,松前郡福島町,41.483802,140.251326
013331,01,上磯郡知内町,41.598356,140.418963
013340,01,上磯郡木古内町,41.678264,140.437568
013374,01,亀田郡七飯町,41.895720,140.694280
013439,01,茅部郡鹿部町,42.038487,140.815939
013455,01,茅部郡森町,42.104795,140.576324
013463,01,二海郡八雲町,42.255999,140.265281
013471,01,山越郡長万部町,42.513688,140.380633
013617,01,檜山郡江差町,41.869156,140.127460
013625,01,檜山郡上ノ国町,41.801082,140.121348
013633,01,檜山郡厚沢部町,41.920901,140.225472
013641,01,爾志郡乙部町,41.968501,140.135719
013676,01,奥尻郡奥尻町,42.172278,139.514008
013706,01,瀬棚郡今金町,42.429422,140.008878
013714,01,久遠郡せたな町,42.417161,139.882988
013919,01,島牧郡島牧村,42.700520,140.061460
013927,01,寿都郡寿都町,42.790979,140.228980
013935,01,寿都郡黒松内町,42.667864,140.307540
013943,01,磯谷郡蘭越町,42.809075,140.528312
013951,01,虻田郡ニセコ町,42.804705,140.687493
013960,01,虻田郡真狩村,42.762971,140.803744
013978,01,虻田郡留寿都村,42.737360,140.875591
013986,01,虻田郡喜茂別町,42.795472,140.934500
013994,01,虻田郡京極町,42.858208,140.884088
014001,01,虻田郡倶知安町,42.901829,140.758698
015717,01,虻田郡豊浦町,42.583447,140.711832
015849,01,虻田郡洞爺湖町,42.551269,140.764098
014010,01,岩内郡共和町,42.980398,140.611187
014028,01,岩内郡岩内町,42.979785,140.514753
014036,01,古宇郡泊村,43.063355,140.498859
014044,01,古宇郡神恵内村,43.143813,140.430742
014052,01,積丹郡積丹町,43.298853,140.598193
014061,01,古平郡古平町,43.265360,140.638820
014079,01,余市郡仁木町,43.151691,140.766130
014087,01,余市郡余市町,43.195232,140.783467
014095,01,余市郡赤井川村,43.083490,140.813481
014231,01,空知郡南幌町,43.063727,141.650069
014249,01,空知郡奈井江町,43.425106,141.882788
014257,01,空知郡上砂川町,43.482608,141.984084
014605,01,空知郡上富良野町,43.455661,142.467073
014613,01,空知郡中富良野町,43.405671,142.425136
014621,01,空知郡南富良野町,43.163979,142.568488
014273,01,夕張郡由仁町,42.999605,141.790338
014281,01,夕張郡長沼町,43.010353,141.695252
014290,01,夕張郡栗山町,43.056309,141.784255
014303,01,樺戸郡月形町,43.338436,141.669451
014311,01,樺戸郡浦臼町,43.430322,141.818837
014320,01,樺戸郡新十津川町,43.548547,141.877032
014338,01,雨竜郡妹背牛町,43.700112,141.961711
014346,01,雨竜郡秩父別町,43.767013,141.957958
014362,01,雨竜郡雨竜町,43.643924,141.888990
014371,01,雨竜郡北竜町,43.731356,141.879022
014389,01,雨竜郡沼田町,43.806802,141.933272
014729,01,雨竜郡幌加内町,44.009854,142.153933
014524,01,上川郡鷹栖町,43.843353,142.354451
014532,01,上川郡東神楽町,43.696626,142.451437
014541,01,上川郡当麻町,43.828177,142.508366
014559,01,上川郡比布町,43.875076,142.477552
014567,01,上川郡愛別町,43.906504,142.577973
014575,01,上川郡上川町,43.847180,142.770431
014583,01,上川郡東川町,43.698974,142.510317
014591,01,上川郡美瑛町,43.588187,142.466972
014648,01,上川郡和寒町,44.023068,142.413306
014656,01,上川郡剣淵町,44.095677,142.361221
014681,01,上川郡下川町,44.302503,142.635308
016357,01,上川郡新得町,43.079796,142.838737
016365,01,上川郡清水町,43.011356,142.884540
014630,01,勇払郡占冠村,42.979779,142.398357
015814,01,勇払郡厚真町,42.723662,141.877935
015857,01,勇払郡安平町,42.762815,141.818017
015865,01,勇払郡むかわ町,42.574807,141.926750
014699,01,中川郡美深町,44.481126,142.343014
014702,01,中川郡音威子府村,44.725004,142.262464
014711,01,中川郡中川町,44.811346,142.071438
016438,01,中川郡幕別町,42.908234,143.355969
016446,01,中川郡池田町,42.928955,143.448355
016454,01,中川郡豊頃町,42.801052,143.505919
016462,01,中川郡本別町,43.124712,143.610573
014818,01,増毛郡増毛町,43.856033,141.525198
014826,01,留萌郡小平町,44.015108,141.662575
014834,01,苫前郡苫前町,44.306040,141.653022
014842,01,苫前郡羽幌町,44.360683,141.697250
014851,01,苫前郡初山別村,44.532154,141.766409
014869,01,天塩郡遠別町,44.722139,141.792369
014877,01,天塩郡天塩町,44.888341,141.745397
015164,01,天塩郡豊富町,45.102933,141.777505
015202,01,天塩郡幌延町,45.017711,141.849384
015113,01,宗谷郡猿払村,45.330616,142.109192
015121,01,枝幸郡浜頓別町,45.123694,142.359948
015130,01,枝幸郡中頓別町,44.969819,142.286735
015148,01,枝幸郡枝幸町,44.938714,142.581411
015172,01,礼文郡礼文町,45.303020,141.047689
015181,01,利尻郡利尻町,45.187068,141.139627
015199,01,利尻郡利尻富士町,45.247735,141.214344
015431,01,網走郡美幌町,43.823782,144.107042
015440,01,網走郡津別町,43.706453,144.025032
015644,01,網走郡大空町,43.911850,144.172709
015458,01,斜里郡斜里町,43.911513,144.670605
015466,01,斜里郡清里町,43.835216,144.594562
015474,01,斜里郡小清水町,43.856852,144.462025
015491,01,常呂郡訓子府町,43.725255,143.741730
015504,01,常呂郡置戸町,43.676323,143.586397
015521,01,常呂郡佐呂間町,44.017756,143.774506
015555,01,紋別郡遠軽町,44.061953,143.527947
015598,01,紋別郡湧別町,44.151598,143.572894
015601,01,紋別郡滝上町,44.192203,143.077588
015610,01,紋別郡興部町,44.469878,143.123891
015628,01,紋別郡西興部村,44.328853,142.944392
015636,01,紋別郡雄武町,44.582551,142.961810
015750,01,有珠郡壮瞥町,42.552283,140.886014
015784,01,白老郡白老町,42.551260,141.355955
016012,01,沙流郡日高町,42.480290,142.074398
016021,01,沙流郡平取町,42.585081,142.128523
016047,01,新冠郡新冠町,42.362406,142.318332
016071,01,浦河郡浦河町,42.168516,142.768120
016080,01,様似郡様似町,42.127853,142.933550
016098,01,幌泉郡えりも町,42.016280,143.148443
016101,01,日高郡新ひだか町,42.341281,142.368591
016314,01,河東郡音更町,42.994143,143.197960
016322,01,河東郡士幌町,43.168027,143.241377
016331,01,河東郡上士幌町,43.232548,143.296189
016349,01,河東郡鹿追町,43.099102,142.989043
016373,01,河西郡芽室町,42.911860,143.050863
016381,01,河西郡中札内村,42.697614,143.132443
016390,01,河西郡更別村,42.650351,143.187858
016411,01,広尾郡大樹町,42.497540,143.278814
016420,01,広尾郡広尾町,42.285838,143.311496
016471,01,足寄郡足寄町,43.244801,143.553905
016489,01,足寄郡陸別町,43.468981,143.747243
016497,01,十勝郡浦幌町,42.808927,143.658396
016616,01,釧路郡釧路町,42.996045,144.466032
016624,01,厚岸郡厚岸町,43.051871,144.847360
016632,01,厚岸郡浜中町,43.077145,145.129369
016641,01,川上郡標茶町,43.303440,144.600779
016659,01,川上郡弟子屈町,43.485348,144.459221
016675,01,阿寒郡鶴居村,43.229887,144.321216
016683,01,白糠郡白糠町,42.956177,144.071805
016918,01,野付郡別海町,43.393787,145.117271
016926,01,標津郡中標津町,43.555242,144.971391
016934,01,標津郡標津町,43.661387,145.131319
016942,01,目梨郡羅臼町,44.021876,145.189620
022012,02,青森市,40.822072,140.747365
022021,02,弘前市,40.603124,140.463922
022039,02,八戸市,40.512284,141.488399
022047,02,黒石市,40.642632,140.594645
022055,02,五所川原市,40.808002,140.440090
022063,02,十和田市,40.612703,141.205908
022071,02,三沢市,40.683134,141.368976
022080,02,むつ市,41.292746,141.183476
022098,02,つがる市,40.808639,140.380059
022101,02,平川市,40.584011,140.566478
023019,02,東津軽郡平内町,40.926031,140.955920
023035,02,東津軽郡今別町,41.181757,140.481654
023043,02,東津軽郡蓬田村,40.971714,140.655966
023078,02,東津軽郡外ヶ浜町,41.043159,140.632296
023213,02,西津軽郡鰺ヶ沢町,40.779913,140.208695
023230,02,西津軽郡深浦町,40.647895,139.927375
023434,02,中津軽郡西目屋村,40.576709,140.296288
023612,02,南津軽郡藤崎町,40.656069,140.502811
023621,02,南津軽郡大鰐町,40.518188,140.567828
023671,02,南津軽郡田舎館村,40.631252,140.550116
023817,02,北津軽郡板柳町,40.695894,140.457324
023841,02,北津軽郡鶴田町,40.758605,140.428382
023876,02,北津軽郡中泊町,40.965179,140.439840
024015,02,上北郡野辺地町,40.864469,141.128757
024023,02,上北郡七戸町,40.697416,141.151021
024058,02,上北郡六戸町,40.609521,141.324949
024066,02,上北郡横浜町,41.083147,141.247793
024082,02,上北郡東北町,40.727876,141.257882
024112,02,上北郡六ヶ所村,40.967344,141.374552
024121,02,上北郡おいらせ町,40.599107,141.397797
024236,02,下北郡大間町,41.526771,140.907438
024244,02,下北郡東通村,41.277787,141.328936
024252,02,下北郡風間浦村,41.487574,140.995729
024261,02,下北郡佐井村,41.429706,140.859129
024414,02,三戸郡三戸町,40.378407,141.258745
024422,02,三戸郡五戸町,40.531225,141.307790
024431,02,三戸郡田子町,40.339962,141.152050
024457,02,三戸郡南部町,40.466593,141.381986
024465,02,三戸郡階上町,40.452489,141.620851
024503,02,三戸郡新郷村,40.465626,141.173464
032018,03,盛岡市,39.702053,141.154484
032026,03,宮古市,39.641420,141.957140
032034,03,大船渡市,39.081901,141.708530
032051,03,花巻市,39.388578,141.116645
032069,03,北上市,39.286765,141.113191
032077,03,久慈市,40.190524,141.775583
032085,03,遠野市,39.327838,141.533303
032093,03,一関市,38.934682,141.126800
032107,03,陸前高田市,39.027661,141.625495
032115,03,釜石市,39.275818,141.885677
032131,03,二戸市,40.271213,141.304817
032140,03,八幡平市,39.956477,141.071292
032158,03,奥州市,39.144529,141.139141
032166,03,滝沢市,39.734684,141.077095
033014,03,岩手郡雫石町,39.696288,140.975776
033022,03,岩手郡葛巻町,40.039896,141.436465
033031,03,岩手郡岩手町,39.972590,141.212516
033219,03,紫波郡紫波町,39.554568,141.155659
033227,03,紫波郡矢巾町,39.605981,141.142889
033669,03,和賀郡西和賀町,39.434621,140.750124
033812,03,胆沢郡金ケ崎町,39.195742,141.116324
034029,03,西磐井郡平泉町,38.986662,141.113822
034410,03,気仙郡住田町,39.142230,141.575047
034614,03,上閉伊郡大槌町,39.358231,141.899422
034827,03,下閉伊郡山田町,39.467662,141.948950
034835,03,下閉伊郡岩泉町,39.843042,141.796303
034843,03,下閉伊郡田野畑村,39.930450,141.888868
034851,03,下閉伊郡普代村,40.005167,141.885908
035017,03,九戸郡軽米町,40.326746,141.460633
035033,03,九戸郡野田村,40.110266,141.817668
035068,03,九戸郡九戸村,40.211392,141.418985
035076,03,九戸郡洋野町,40.284263,141.624833
035246,03,二戸郡一戸町,40.213011,141.295475
041017,04,仙台市青葉区,38.269076,140.870403
041025,04,仙台市宮城野区,38.266139,140.909832
041033,04,仙台市若林区,38.244224,140.900756
041041,04,仙台市太白区,38.224348,140.877134
041050,04,仙台市泉区,38.326375,140.881629
042021,04,石巻市,38.434480,141.302917
042030,04,塩竈市,38.314362,141.022027
042056,04,気仙沼市,38.908078,141.569992
042064,04,白石市,38.002478,140.619860
042072,04,名取市,38.171520,140.891913
042081,04,角田市,37.977063,140.781990
042099,04,多賀城市,38.293839,141.004225
042111,04,岩沼市,38.104292,140.870138
042129,04,登米市,38.691923,141.187579
042137,04,栗原市,38.730128,141.021333
042145,04,東松島市,38.426168,141.210242
042153,04,大崎市,38.577071,140.955350
043010,04,刈田郡蔵王町,38.098164,140.658416
043028,04,刈田郡七ヶ宿町,37.993063,140.441612
043214,04,柴田郡大河原町,38.049493,140.730721
043222,04,柴田郡村田町,38.118539,140.722404
043231,04,柴田郡柴田町,38.056563,140.765790
043249,04,柴田郡川崎町,38.177737,140.643202
043419,04,伊具郡丸森町,37.911429,140.765528
043613,04,亘理郡亘理町,38.037460,140.852581
043621,04,亘理郡山元町,37.961668,140.877818
044016,04,宮城郡松島町,38.380128,141.067244
044041,04,宮城郡七ヶ浜町,38.304613,141.059186
044067,04,宮城郡利府町,38.330190,140.975722
044211,04,黒川郡大和町,38.437329,140.886306
044229,04,黒川郡大郷町,38.424260,141.004445
044237,04,黒川郡富谷町,38.399815,140.895408
044245,04,黒川郡大衡村,38.467226,140.880087
044440,04,加美郡色麻町,38.548920,140.849878
044458,04,加美郡加美町,38.571767,140.854751
045012,04,遠田郡涌谷町,38.539646,141.128075
045055,04,遠田郡美里町,38.544391,141.056695
045811,04,牡鹿郡女川町,38.449733,141.443088
046060,04,本吉郡南三陸町,38.679771,141.460514
052019,05,秋田市,39.720008,140.102564
052027,05,能代市,40.212151,140.026624
052035,05,横手市,39.313782,140.566649
052043,05,大館市,40.271405,140.564285
052060,05,男鹿市,39.886818,139.847558
052078,05,湯沢市,39.164304,140.495663
052094,05,鹿角市,40.215778,140.788436
052108,05,由利本荘市,39.385877,140.048791
052116,05,潟上市,39.857288,140.013054
052124,05,大仙市,39.453088,140.475448
052132,05,北秋田市,40.226054,140.370742
052141,05,にかほ市,39.203012,139.907713
052159,05,仙北市,39.700069,140.730588
053031,05,鹿角郡小坂町,40.333092,140.736081
053279,05,北秋田郡上小阿仁村,40.063266,140.295767
053465,05,山本郡藤里町,40.278360,140.261704
053481,05,山本郡三種町,40.101626,140.004748
053490,05,山本郡八峰町,40.318724,140.038648
053619,05,南秋田郡五城目町,39.943892,140.111306
053635,05,南秋田郡八郎潟町,39.949382,140.073318
053660,05,南秋田郡井川町,39.914169,140.081294
053686,05,南秋田郡大潟村,40.017792,139.960067
054348,05,仙北郡美郷町,39.461905,140.581299
054631,05,雄勝郡羽後町,39.199323,140.412923
054640,05,雄勝郡東成瀬村,39.179183,140.648890
062014,06,山形市,38.255439,140.339602
062022,06,米沢市,37.922240,140.116781
062031,06,鶴岡市,38.727197,139.826731
062049,06,酒田市,38.914433,139.836515
062057,06,新庄市,38.765015,140.301608
062065,06,寒河江市,38.380964,140.275967
062073,06,上山市,38.149562,140.267827
062081,06,村山市,38.483344,140.380372
062090,06,長井市,38.107494,140.040524
062103,06,天童市,38.362265,140.377886
062111,06,東根市,38.431354,140.391090
062120,06,尾花沢市,38.600622,140.405691
062138,06,南陽市,38.055141,140.148375
063011,06,東村山郡山辺町,38.289114,140.262178
063029,06,東村山郡中山町,38.333114,140.283034
063215,06,西村山郡河北町,38.426271,140.314284
063223,06,西村山郡西川町,38.426499,140.147347
063231,06,西村山郡朝日町,38.299248,140.145926
063240,06,西村山郡大江町,38.380648,140.207013
063410,06,北村山郡大石田町,38.593863,140.372680
063614,06,最上郡金山町,38.883357,140.339456
063622,06,最上郡最上町,38.758387,140.519354
063631,06,最上郡舟形町,38.691444,140.319776
063649,06,最上郡真室川町,38.857859,140.252301
063657,06,最上郡大蔵村,38.704182,140.230374
063665,06,最上郡鮭川村,38.796457,140.222052
063673,06,最上郡戸沢村,38.737473,140.143804
063819,06,東置賜郡高畠町,38.002736,140.189160
063827,06,東置賜郡川西町,38.004479,140.045790
064017,06,西置賜郡小国町,38.061627,139.743364
064025,06,西置賜郡白鷹町,38.183095,140.098438
064033,06,西置賜郡飯豊町,38.045827,139.987529
064262,06,東田川郡三川町,38.794487,139.849696
064289,06,東田川郡庄内町,38.849915,139.904745
064611,06,飽海郡遊佐町,39.014616,139.907352
072010,07,福島市,37.760834,140.474728
072028,07,会津若松市,37.494761,139.929810
072036,07,郡山市,37.400529,140.359742
072044,07,いわき市,37.050420,140.887682
072052,07,白河市,37.126362,140.210943
072079,07,須賀川市,37.292893,140.356975
072087,07,喜多方市,37.651355,139.874609
072095,07,相馬市,37.796624,140.919470
072109,07,二本松市,37.584858,140.431129
072117,07,田村市,37.440550,140.576422
072125,07,南相馬市,37.642161,140.957276
072133,07,伊達市,37.819138,140.562908
072141,07,本宮市,37.513131,140.393890
073016,07,伊達郡桑折町,37.849537,140.516352
073032,07,伊達郡国見町,37.837000,140.549185
073083,07,伊達郡川俣町,37.663922,140.597333
073229,07,安達郡大玉村,37.534392,140.371189
073423,07,岩瀬郡鏡石町,37.252830,140.343408
073440,07,岩瀬郡天栄村,37.255606,140.247074
073628,07,南会津郡下郷町,37.255580,139.872128
073644,07,南会津郡檜枝岐村,37.024146,139.388945
073679,07,南会津郡只見町,37.348801,139.316091
073687,07,南会津郡南会津町,37.200395,139.773199
074021,07,耶麻郡北塩原村,37.655715,139.937374
074055,07,耶麻郡西会津町,37.588798,139.647495
074071,07,耶麻郡磐梯町,37.562115,139.988780
074080,07,耶麻郡猪苗代町,37.557768,140.104761
074217,07,河沼郡会津坂下町,37.561481,139.821643
074225,07,河沼郡湯川村,37.565299,139.886778
074233,07,河沼郡柳津町,37.526160,139.719542
074446,07,大沼郡三島町,37.470369,139.644447
074454,07,大沼郡金山町,37.453851,139.524298
074462,07,大沼郡昭和村,37.335416,139.610660
074471,07,大沼郡会津美里町,37.459854,139.841178
074616,07,西白河郡西郷村,37.141696,140.155364
074641,07,西白河郡泉崎村,37.157052,140.295252
074659,07,西白河郡中島村,37.148757,140.350204
074667,07,西白河郡矢吹町,37.201278,140.338608
074811,07,東白川郡棚倉町,37.029905,140.379648
074829,07,東白川郡矢祭町,36.871403,140.424783
074837,07,東白川郡塙町,36.957437,140.409573
074845,07,東白川郡鮫川村,37.042327,140.509669
075019,07,石川郡石川町,37.144330,140.452351
075027,07,石川郡玉川村,37.210706,140.409038
075035,07,石川郡平田村,37.221786,140.575876
075043,07,石川郡浅川町,37.080995,140.412809
075051,07,石川郡古殿町,37.089093,140.555649
075213,07,田村郡三春町,37.441048,140.492569
075221,07,田村郡小野町,37.286823,140.626277
075418,07,双葉郡広野町,37.214559,140.994458
075426,07,双葉郡楢葉町,37.282500,140.993611
075434,07,双葉郡富岡町,37.333056,141.016944
075442,07,双葉郡川内村,37.337691,140.809345
075451,07,双葉郡大熊町,37.404444,140.983611
075469,07,双葉郡双葉町,37.449167,141.012500
075477,07,双葉郡浪江町,37.483333,141.000000
075485,07,双葉郡葛尾村,37.503611,140.764444
075612,07,相馬郡新地町,37.876357,140.919599
075647,07,相馬郡飯舘村,37.679190,140.735247
082015,08,水戸市,36.366503,140.470996
082023,08,日立市,36.599154,140.651469
082031,08,土浦市,36.078297,140.204333
082040,08,古河市,36.184645,139.702525
082058,08,石岡市,36.190048,140.287556
082074,08,結城市,36.305417,139.876641
082082,08,龍ヶ崎市,35.911594,140.182264
082104,08,下妻市,36.184514,139.967374
082112,08,常総市,36.023494,139.993617
082121,08,常陸太田市,36.538275,140.530950
082147,08,高萩市,36.719147,140.716688
082155,08,北茨城市,36.801911,140.750979
082163,08,笠間市,36.345300,140.304354
082171,08,取手市,35.911442,140.050468
082198,08,牛久市,35.979375,140.149524
082201,08,つくば市,36.083486,140.076642
082210,08,ひたちなか市,36.396615,140.534676
082228,08,鹿嶋市,35.965756,140.644813
082236,08,潮来市,35.947123,140.555372
082244,08,守谷市,35.951421,139.975391
082252,08,常陸大宮市,36.542577,140.410890
082261,08,那珂市,36.457469,140.486854
082279,08,筑西市,36.307053,139.983123
082287,08,坂東市,36.048738,139.888320
082295,08,稲敷市,35.956492,140.323908
082309,08,かすみがうら市,36.094529,140.330691
082317,08,桜川市,36.327250,140.090433
082325,08,神栖市,35.889966,140.664513
082333,08,行方市,35.990416,140.489025
082341,08,鉾田市,36.158640,140.516461
082350,08,つくばみらい市,35.963024,140.037020
082368,08,小美玉市,36.239345,140.352576
083020,08,東茨城郡茨城町,36.286921,140.424514
083097,08,東茨城郡大洗町,36.313443,140.574974
083101,08,東茨城郡城里町,36.479363,140.376166
083411,08,那珂郡東海村,36.472880,140.566299
083640,08,久慈郡大子町,36.768096,140.355266
084425,08,稲敷郡美浦村,36.004562,140.301914
084433,08,稲敷郡阿見町,36.030795,140.214786
084476,08,稲敷郡河内町,35.884794,140.244465
085219,08,結城郡八千代町,36.181635,139.891129
085421,08,猿島郡五霞町,36.114113,139.745832
085464,08,猿島郡境町,36.108426,139.794961
085642,08,北相馬郡利根町,35.857747,140.139148
092011,09,宇都宮市,36.555112,139.882807
092029,09,足利市,36.340151,139.449698
092037,09,栃木市,36.382380,139.734081
092045,09,佐野市,36.308578,139.593118
092053,09,鹿沼市,36.567111,139.745013
092061,09,日光市,36.719903,139.698216
092088,09,小山市,36.314671,139.800131
092096,09,真岡市,36.440419,140.013442
092100,09,大田原市,36.871484,140.017419
092118,09,矢板市,36.806686,139.924054
092134,09,那須塩原市,36.961698,140.046066
092142,09,さくら市,36.685301,139.966452
092151,09,那須烏山市,36.656893,140.151426
092169,09,下野市,36.387195,139.841967
093017,09,河内郡上三川町,36.439296,139.909884
093424,09,芳賀郡益子町,36.467353,140.093378
093432,09,芳賀郡茂木町,36.532120,140.187565
093441,09,芳賀郡市貝町,36.543308,140.102046
093459,09,芳賀郡芳賀町,36.548323,140.058196
093611,09,下都賀郡壬生町,36.427058,139.803932
093645,09,下都賀郡野木町,36.233251,139.740750
093840,09,塩谷郡塩谷町,36.777613,139.850570
093866,09,塩谷郡高根沢町,36.630973,139.986684
094072,09,那須郡那須町,37.019731,140.121017
094111,09,那須郡那珂川町,36.761661,140.130072
102016,10,前橋市,36.389482,139.063428
102024,10,高崎市,36.321909,139.003294
102032,10,桐生市,36.405491,139.330688
102041,10,伊勢崎市,36.311364,139.196770
102059,10,太田市,36.291122,139.375471
102067,10,沼田市,36.646077,139.044161
102075,10,館林市,36.244849,139.541968
102083,10,渋川市,36.489471,139.000448
102091,10,藤岡市,36.258477,139.074439
102105,10,富岡市,36.259896,138.889932
102113,10,安中市,36.326368,138.887324
102121,10,みどり市,36.394838,139.281135
103446,10,北群馬郡榛東村,36.438642,138.967118
103454,10,北群馬郡吉岡町,36.447501,139.009766
103667,10,多野郡上野村,36.083143,138.777376
103675,10,多野郡神流町,36.116056,138.916955
103829,10,甘楽郡下仁田町,36.212390,138.789094
103837,10,甘楽郡南牧村,36.158548,138.711406
103845,10,甘楽郡甘楽町,36.242954,138.921682
104213,10,吾妻郡中之条町,36.589893,138.840986
104248,10,吾妻郡長野原町,36.552446,138.637477
104256,10,吾妻郡嬬恋村,36.516874,138.530182
104264,10,吾妻郡草津町,36.620778,138.596053
104281,10,吾妻郡高山村,36.620887,138.943449
104299,10,吾妻郡東吾妻町,36.571347,138.825472
104434,10,利根郡片品村,36.772469,139.225243
104442,10,利根郡川場村,36.694669,139.106534
104485,10,利根郡昭和村,36.639753,139.065865
104493,10,利根郡みなかみ町,36.678700,138.999064
104647,10,佐波郡玉村町,36.304433,139.114913
105210,10,邑楽郡板倉町,36.222952,139.610271
105228,10,邑楽郡明和町,36.211300,139.534244
105236,10,邑楽郡千代田町,36.217754,139.442435
105244,10,邑楽郡大泉町,36.247902,139.404870
105252,10,邑楽郡邑楽町,36.252394,139.462286
111015,11,さいたま市西区,35.925302,139.579472
111023,11,さいたま市北区,35.931522,139.620346
111031,11,さいたま市大宮区,35.906487,139.628754
111040,11,さいたま市見沼区,35.935206,139.654526
111058,11,さいたま市中央区,35.884096,139.626102
111066,11,さいたま市桜区,35.856140,139.610352
111074,11,さいたま市浦和区,35.861651,139.645435
111082,11,さいたま市南区,35.845253,139.645352
111091,11,さいたま市緑区,35.871087,139.683970
111104,11,さいたま市岩槻区,35.949861,139.694191
112011,11,川越市,35.925101,139.485793
112020,11,熊谷市,36.147310,139.388645
112038,11,川口市,35.807738,139.724171
112062,11,行田市,36.138949,139.455643
112071,11,秩父市,35.992055,139.084817
112089,11,所沢市,35.799672,139.468610
112097,11,飯能市,35.855731,139.327734
112101,11,加須市,36.131438,139.601719
112119,11,本庄市,36.243568,139.190393
112127,11,東松山市,36.042126,139.399959
112143,11,春日部市,35.975198,139.752301
112151,11,狭山市,35.852942,139.412213
112160,11,羽生市,36.172626,139.548465
112178,11,鴻巣市,36.065758,139.522169
112186,11,深谷市,36.197444,139.281464
112194,11,上尾市,35.977381,139.593206
112216,11,草加市,35.825355,139.805402
112224,11,越谷市,35.891084,139.790938
112232,11,蕨市,35.825634,139.679708
112241,11,戸田市,35.817616,139.677892
112259,11,入間市,35.835766,139.391058
112275,11,朝霞市,35.797252,139.593916
112283,11,志木市,35.836750,139.580319
112291,11,和光市,35.781208,139.605793
112305,11,新座市,35.793511,139.565369
112313,11,桶川市,36.005779,139.542531
112321,11,久喜市,36.061995,139.666838
112330,11,北本市,36.026768,139.530211
112348,11,八潮市,35.822536,139.839175
112356,11,富士見市,35.856759,139.549074
112372,11,三郷市,35.830149,139.872275
112381,11,蓮田市,35.994307,139.662106
112399,11,坂戸市,35.957170,139.402905
112402,11,幸手市,36.078072,139.725861
112411,11,鶴ヶ島市,35.934515,139.393098
112429,11,日高市,35.907796,139.339026
112437,11,吉川市,35.891152,139.841375
112453,11,ふじみ野市,35.879538,139.519764
112461,11,白岡市,36.019026,139.676925
113018,11,北足立郡伊奈町,36.000112,139.624185
113247,11,入間郡三芳町,35.828367,139.526432
113263,11,入間郡毛呂山町,35.941501,139.316067
113271,11,入間郡越生町,35.964478,139.294199
113417,11,比企郡滑川町,36.065987,139.360917
113425,11,比企郡嵐山町,36.056655,139.320542
113433,11,比企郡小川町,36.056697,139.261845
113468,11,比企郡川島町,35.982014,139.481518
113476,11,比企郡吉見町,36.039853,139.453728
113484,11,比企郡鳩山町,35.981466,139.334101
113492,11,比企郡ときがわ町,36.008620,139.296844
113611,11,秩父郡横瀬町,35.987284,139.100046
113620,11,秩父郡皆野町,36.070840,139.098754
113638,11,秩父郡長瀞町,36.114803,139.109717
113654,11,秩父郡小鹿野町,36.017129,139.008574
113697,11,秩父郡東秩父村,36.058153,139.194607
113816,11,児玉郡美里町,36.177104,139.181410
113832,11,児玉郡神川町,36.213876,139.101776
113859,11,児玉郡上里町,36.251607,139.144826
114081,11,大里郡寄居町,36.118348,139.193012
114421,11,南埼玉郡宮代町,36.022682,139.722885
114642,11,北葛飾郡杉戸町,36.025765,139.736709
114651,11,北葛飾郡松伏町,35.925774,139.815178
121011,12,千葉市中央区,35.608932,140.124636
121029,12,千葉市花見川区,35.662977,140.069167
121037,12,千葉市稲毛区,35.636212,140.107083
121045,12,千葉市若葉区,35.633988,140.155661
121053,12,千葉市緑区,35.560459,140.176164
121061,12,千葉市美浜区,35.640485,140.063040
122025,12,銚子市,35.734681,140.826641
122033,12,市川市,35.721912,139.931010
122041,12,船橋市,35.694706,139.982618
122050,12,館山市,34.996506,139.869965
122068,12,木更津市,35.381227,139.924860
122076,12,松戸市,35.787649,139.903093
122084,12,野田市,35.955192,139.874764
122106,12,茂原市,35.428544,140.288027
122114,12,成田市,35.776608,140.318781
122122,12,佐倉市,35.723486,140.223964
122131,12,東金市,35.559944,140.366092
122157,12,旭市,35.720434,140.646469
122165,12,習志野市,35.683035,140.024365
122173,12,柏市,35.867612,139.975850
122181,12,勝浦市,35.152283,140.320932
122190,12,市原市,35.497838,140.115665
122203,12,流山市,35.856310,139.902660
122211,12,八千代市,35.722468,140.099772
122220,12,我孫子市,35.864123,140.028225
122238,12,鴨川市,35.113987,140.098711
122246,12,鎌ケ谷市,35.776750,140.000790
122254,12,君津市,35.330450,139.902677
122262,12,富津市,35.304120,139.857105
122271,12,浦安市,35.653984,139.902203
122289,12,四街道市,35.669816,140.167925
122297,12,袖ケ浦市,35.429808,139.954430
122301,12,八街市,35.665917,140.317952
122319,12,印西市,35.832348,140.145815
122327,12,白井市,35.791500,140.056372
122335,12,富里市,35.726808,140.343058
122343,12,南房総市,35.042991,139.840128
122351,12,匝瑳市,35.707917,140.564281
122360,12,香取市,35.897735,140.499268
122378,12,山武市,35.602964,140.413506
122386,12,いすみ市,35.253889,140.385051
122394,12,大網白里市,35.521708,140.320960
123226,12,印旛郡酒々井町,35.724824,140.269547
123293,12,印旛郡栄町,35.840784,140.243831
123421,12,香取郡神崎町,35.901602,140.405285
123471,12,香取郡多古町,35.735434,140.467728
123498,12,香取郡東庄町,35.837150,140.668581
124036,12,山武郡九十九里町,35.535062,140.440250
124095,12,山武郡芝山町,35.693056,140.414194
124109,12,山武郡横芝光町,35.665568,140.504309
124214,12,長生郡一宮町,35.372623,140.368659
124222,12,長生郡睦沢町,35.361088,140.319273
124231,12,長生郡長生村,35.412184,140.354060
124249,12,長生郡白子町,35.454340,140.374234
124265,12,長生郡長柄町,35.431125,140.227059
124273,12,長生郡長南町,35.386421,140.237065
124419,12,夷隅郡大多喜町,35.285191,140.245439
124435,12,夷隅郡御宿町,35.191506,140.348796
124630,12,安房郡鋸南町,35.111159,139.835509
131016,13,千代田区,35.694003,139.753595
131024,13,中央区,35.670651,139.771861
131032,13,港区,35.658068,139.751599
131041,13,新宿区,35.693840,139.703549
131059,13,文京区,35.708068,139.752167
131067,13,台東区,35.712607,139.779996
131075,13,墨田区,35.710722,139.801497
131083,13,江東区,35.672854,139.817410
131091,13,品川区,35.609226,139.730186
131105,13,目黒区,35.641463,139.698171
131113,13,大田区,35.561257,139.716051
131121,13,世田谷区,35.646572,139.653247
131130,13,渋谷区,35.661777,139.704051
131148,13,中野区,35.707399,139.663835
131156,13,杉並区,35.699566,139.636438
131164,13,豊島区,35.726118,139.716605
131172,13,北区,35.752804,139.733481
131181,13,荒川区,35.736080,139.783369
131199,13,板橋区,35.751165,139.709244
131202,13,練馬区,35.735623,139.651658
131211,13,足立区,35.775664,139.804479
131229,13,葛飾区,35.743575,139.847180
131237,13,江戸川区,35.706657,139.868427
132012,13,八王子市,35.666339,139.315806
132021,13,立川市,35.714014,139.407843
132039,13,武蔵野市,35.717784,139.566260
132047,13,三鷹市,35.683513,139.559584
132055,13,青梅市,35.787996,139.275830
132063,13,府中市,35.668974,139.477661
132071,13,昭島市,35.705755,139.353548
132080,13,調布市,35.650615,139.540694
132098,13,町田市,35.546631,139.438619
132101,13,小金井市,35.699473,139.502992
132110,13,小平市,35.728577,139.477456
132128,13,日野市,35.671337,139.394926
132136,13,東村山市,35.754597,139.468489
132144,13,国分寺市,35.710335,139.463191
132152,13,国立市,35.683885,139.441380
132187,13,福生市,35.738451,139.326932
132195,13,狛江市,35.634912,139.578733
132209,13,東大和市,35.745369,139.426593
132217,13,清瀬市,35.785753,139.526430
132225,13,東久留米市,35.758048,139.529739
132233,13,武蔵村山市,35.754861,139.387399
132241,13,多摩市,35.637004,139.446307
132250,13,稲城市,35.637924,139.504567
132276,13,羽村市,35.767222,139.310944
132284,13,あきる野市,35.728920,139.294119
132292,13,西東京市,35.725496,139.538156
133035,13,西多摩郡瑞穂町,35.772036,139.353846
133051,13,西多摩郡日の出町,35.742142,139.257444
133078,13,西多摩郡檜原村,35.726839,139.148866
133086,13,西多摩郡奥多摩町,35.809543,139.096197
133612,13,大島町,34.750040,139.355579
133621,13,利島村,34.529364,139.282585
133639,13,新島村,34.377134,139.256571
133647,13,神津島村,34.205267,139.134255
133817,13,三宅村,34.075774,139.479744
133825,13,御蔵島村,33.897366,139.596116
134015,13,八丈町,33.112740,139.789065
134023,13,青ヶ島村,32.466459,139.763312
134210,13,小笠原村,27.094366,142.191918
141011,14,横浜市鶴見区,35.508404,139.682540
141020,14,横浜市神奈川区,35.476901,139.629431
141038,14,横浜市西区,35.453623,139.616960
141046,14,横浜市中区,35.444699,139.642178
141054,14,横浜市南区,35.431462,139.608837
141062,14,横浜市保土ケ谷区,35.459953,139.595979
141071,14,横浜市磯子区,35.402439,139.618433
141089,14,横浜市金沢区,35.337250,139.624408
141097,14,横浜市港北区,35.519083,139.633024
141101,14,横浜市戸塚区,35.400001,139.533507
141119,14,横浜市港南区,35.400780,139.591167
141127,14,横浜市旭区,35.474836,139.544720
141135,14,横浜市緑区,35.512396,139.538006
141143,14,横浜市瀬谷区,35.466026,139.498860
141151,14,横浜市栄区,35.364348,139.554076
141160,14,横浜市泉区,35.417938,139.488722
141178,14,横浜市青葉区,35.552824,139.537019
141186,14,横浜市都筑区,35.544851,139.570530
141313,14,川崎市川崎区,35.529667,139.703848
141321,14,川崎市幸区,35.544293,139.686772
141330,14,川崎市中原区,35.576371,139.655709
141348,14,川崎市高津区,35.599462,139.607938
141356,14,川崎市多摩区,35.619489,139.562127
141364,14,川崎市宮前区,35.589192,139.578469
141372,14,川崎市麻生区,35.603730,139.505747
141518,14,相模原市緑区,35.595650,139.337710
141526,14,相模原市中央区,35.571384,139.373246
141534,14,相模原市南区,35.530297,139.430195
142018,14,横須賀市,35.281341,139.672201
142034,14,平塚市,35.335110,139.349476
142042,14,鎌倉市,35.319225,139.546687
142051,14,藤沢市,35.339170,139.490036
142069,14,小田原市,35.264564,139.152154
142077,14,茅ヶ崎市,35.333860,139.404716
142085,14,逗子市,35.295606,139.580423
142107,14,三浦市,35.144171,139.620770
142115,14,秦野市,35.374736,139.219943
142123,14,厚木市,35.443082,139.362489
142131,14,大和市,35.487512,139.457950
142140,14,伊勢原市,35.402969,139.314973
142158,14,海老名市,35.446446,139.390803
142166,14,座間市,35.488587,139.407673
142174,14,南足柄市,35.320715,139.099600
142182,14,綾瀬市,35.437175,139.426148
143014,14,三浦郡葉山町,35.272089,139.586200
143219,14,高座郡寒川町,35.372956,139.383861
143413,14,中郡大磯町,35.306850,139.311314
143421,14,中郡二宮町,35.299491,139.255402
143618,14,足柄上郡中井町,35.330717,139.218774
143626,14,足柄上郡大井町,35.326674,139.156577
143634,14,足柄上郡松田町,35.348159,139.139375
143642,14,足柄上郡山北町,35.360605,139.083831
143669,14,足柄上郡開成町,35.336427,139.123183
143821,14,足柄下郡箱根町,35.232355,139.106937
143839,14,足柄下郡真鶴町,35.158468,139.137119
143847,14,足柄下郡湯河原町,35.147964,139.108317
144011,14,愛甲郡愛川町,35.528796,139.321717
144029,14,愛甲郡清川村,35.482383,139.276382
151017,15,新潟市北区,37.916243,139.218588
151025,15,新潟市東区,37.924871,139.092591
151033,15,新潟市中央区,37.916367,139.036326
151041,15,新潟市江南区,37.867646,139.093983
151050,15,新潟市秋葉区,37.788506,139.114631
151068,15,新潟市南区,37.765785,139.019127
151076,15,新潟市西区,37.874223,138.971940
151084,15,新潟市西蒲区,37.760464,138.889284
152021,15,長岡市,37.446265,138.851277
152048,15,三条市,37.636768,138.961689
152056,15,柏崎市,37.371900,138.558984
152064,15,新発田市,37.950886,139.327892
152081,15,小千谷市,37.314339,138.795100
152099,15,加茂市,37.666275,139.040198
152102,15,十日町市,37.127582,138.755708
152111,15,見附市,37.531604,138.912825
152129,15,村上市,38.223979,139.480021
152137,15,燕市,37.673152,138.882230
152161,15,糸魚川市,37.039028,137.862652
152170,15,妙高市,37.025196,138.253473
152188,15,五泉市,37.744536,139.182568
152226,15,上越市,37.147848,138.236080
152234,15,阿賀野市,37.834501,139.225983
152242,15,佐渡市,38.018353,138.368082
152251,15,魚沼市,37.244124,138.924361
152269,15,南魚沼市,37.161428,138.925448
152277,15,胎内市,38.059711,139.410342
153079,15,北蒲原郡聖籠町,37.974597,139.274336
153427,15,西蒲原郡弥彦村,37.691066,138.855249
153613,15,南蒲原郡田上町,37.698826,139.057982
153851,15,東蒲原郡阿賀町,37.675485,139.458780
154059,15,三島郡出雲崎町,37.530707,138.709303
154610,15,南魚沼郡湯沢町,36.934025,138.817440
154822,15,中魚沼郡津南町,37.014274,138.652622
155047,15,刈羽郡刈羽村,37.422359,138.622442
155811,15,岩船郡関川村,38.089376,139.564918
155861,15,岩船郡粟島浦村,38.468267,139.254439
162019,16,富山市,36.695952,137.213677
162027,16,高岡市,36.754096,137.025728
162043,16,魚津市,36.827367,137.409215
162051,16,氷見市,36.855981,136.972849
162060,16,滑川市,36.764378,137.341191
162078,16,黒部市,36.871508,137.448030
162086,16,砺波市,36.647534,136.962009
162094,16,小矢部市,36.675575,136.868622
162108,16,南砺市,36.557513,136.875336
162116,16,射水市,36.782455,137.079614
163210,16,中新川郡舟橋村,36.703531,137.307377
163228,16,中新川郡上市町,36.698414,137.362380
163236,16,中新川郡立山町,36.663522,137.313697
163422,16,下新川郡入善町,36.933511,137.502045
163431,16,下新川郡朝日町,36.946190,137.559943
172014,17,金沢市,36.561325,136.656205
172022,17,七尾市,37.043102,136.967518
172031,17,小松市,36.408351,136.445571
172049,17,輪島市,37.390590,136.899196
172057,17,珠洲市,37.436347,137.260436
172065,17,加賀市,36.302624,136.314627
172073,17,羽咋市,36.893599,136.778996
172090,17,かほく市,36.719826,136.706727
172103,17,白山市,36.514427,136.565892
172111,17,能美市,36.446941,136.554242
172120,17,野々市市,36.519704,136.609971
173240,17,能美郡川北町,36.468630,136.542304
173614,17,河北郡津幡町,36.668693,136.728442
173657,17,河北郡内灘町,36.653494,136.645086
173843,17,羽咋郡志賀町,37.006312,136.778010
173860,17,羽咋郡宝達志水町,36.862773,136.797529
174076,17,鹿島郡中能登町,36.988884,136.901832
174611,17,鳳珠郡穴水町,37.230995,136.912475
174637,17,鳳珠郡能登町,37.353216,137.244521
182010,18,福井市,36.064067,136.219494
182028,18,敦賀市,35.645244,136.055441
182044,18,小浜市,35.495593,135.746644
182052,18,大野市,35.979814,136.487564
182061,18,勝山市,36.060945,136.500584
182079,18,鯖江市,35.956553,136.184474
182087,18,あわら市,36.211353,136.229025
182095,18,越前市,35.903499,136.168780
182109,18,坂井市,36.166925,136.231457
183229,18,吉田郡永平寺町,36.092256,136.298706
183822,18,今立郡池田町,35.890472,136.343907
184047,18,南条郡南越前町,35.835164,136.194465
184233,18,丹生郡越前町,35.974208,136.129743
184420,18,三方郡美浜町,35.600530,135.940543
184811,18,大飯郡高浜町,35.490428,135.550990
184837,18,大飯郡おおい町,35.481166,135.617828
185019,18,三方上中郡若狭町,35.461888,135.857211
192015,19,甲府市,35.662280,138.568202
192023,19,富士吉田市,35.487497,138.807854
192040,19,都留市,35.551680,138.905473
192058,19,山梨市,35.693394,138.686914
192066,19,大月市,35.610485,138.940028
192074,19,韮崎市,35.708897,138.446127
192082,19,南アルプス市,35.608328,138.464966
192091,19,北杜市,35.776530,138.423781
192104,19,甲斐市,35.686259,138.487257
192112,19,笛吹市,35.647360,138.639786
192121,19,上野原市,35.630259,139.108599
192139,19,甲州市,35.704316,138.729404
192147,19,中央市,35.599629,138.517272
193461,19,西八代郡市川三郷町,35.565303,138.502369
193640,19,南巨摩郡早川町,35.412917,138.362759
193658,19,南巨摩郡身延町,35.467494,138.442460
193666,19,南巨摩郡南部町,35.242352,138.486109
193682,19,南巨摩郡富士川町,35.561156,138.461384
193844,19,中巨摩郡昭和町,35.627926,138.535142
194221,19,南都留郡道志村,35.527956,139.033379
194239,19,南都留郡西桂町,35.524069,138.846891
194247,19,南都留郡忍野村,35.460098,138.847861
194255,19,南都留郡山中湖村,35.410645,138.860917
194298,19,南都留郡鳴沢村,35.481392,138.706362
194301,19,南都留郡富士河口湖町,35.497314,138.755084
194425,19,北都留郡小菅村,35.760124,138.940161
194433,19,北都留郡丹波山村,35.789712,138.922231
202011,20,長野市,36.648550,138.194243
202029,20,松本市,36.238038,137.972034
202037,20,上田市,36.401912,138.248889
202045,20,岡谷市,36.067012,138.049326
202053,20,飯田市,35.514978,137.821447
202061,20,諏訪市,36.039142,138.114182
202070,20,須坂市,36.651097,138.307192
202088,20,小諸市,36.327419,138.425880
202096,20,伊那市,35.827481,137.954080
202100,20,駒ヶ根市,35.728814,137.933782
202118,20,中野市,36.742044,138.369450
202126,20,大町市,36.503018,137.851094
202134,20,飯山市,36.851745,138.365495
202142,20,茅野市,35.995571,138.158893
202151,20,塩尻市,36.114972,137.953449
202177,20,佐久市,36.248868,138.476831
202185,20,千曲市,36.533897,138.120108
202193,20,東御市,36.359477,138.330247
202207,20,安曇野市,36.303951,137.905801
203033,20,南佐久郡小海町,36.095097,138.483472
203041,20,南佐久郡川上村,35.975487,138.578605
203050,20,南佐久郡南牧村,36.020856,138.492091
203068,20,南佐久郡南相木村,36.035985,138.546990
203076,20,南佐久郡北相木村,36.059169,138.550883
203092,20,南佐久郡佐久穂町,36.161106,138.483544
203211,20,北佐久郡軽井沢町,36.348290,138.596955
203238,20,北佐久郡御代田町,36.321183,138.508784
203246,20,北佐久郡立科町,36.272070,138.315972
203491,20,小県郡青木村,36.370346,138.128840
203505,20,小県郡長和町,36.255854,138.267866
203611,20,諏訪郡下諏訪町,36.069559,138.080170
203629,20,諏訪郡富士見町,35.914621,138.240699
203637,20,諏訪郡原村,35.964456,138.217720
203823,20,上伊那郡辰野町,35.982513,137.987484
203831,20,上伊那郡箕輪町,35.915134,137.981944
203840,20,上伊那郡飯島町,35.676737,137.919680
203858,20,上伊那郡南箕輪村,35.872900,137.975024
203866,20,上伊那郡中川村,35.634537,137.946058
203882,20,上伊那郡宮田村,35.768904,137.944307
204021,20,下伊那郡松川町,35.597292,137.909567
204030,20,下伊那郡高森町,35.551497,137.878437
204048,20,下伊那郡阿南町,35.323640,137.816055
204072,20,下伊那郡阿智村,35.443769,137.747505
204099,20,下伊那郡平谷村,35.323236,137.630030
204102,20,下伊那郡根羽村,35.253077,137.581260
204111,20,下伊那郡下條村,35.397414,137.786051
204129,20,下伊那郡売木村,35.271046,137.711313
204137,20,下伊那郡天龍村,35.276227,137.854140
204145,20,下伊那郡泰阜村,35.377523,137.846015
204153,20,下伊那郡喬木村,35.513682,137.873700
204161,20,下伊那郡豊丘村,35.551439,137.895975
204170,20,下伊那郡大鹿村,35.578222,138.034017
204226,20,木曽郡上松町,35.784076,137.694069
204234,20,木曽郡南木曽町,35.603756,137.609016
204251,20,木曽郡木祖村,35.936437,137.783301
204293,20,木曽郡王滝村,35.809395,137.550969
204307,20,木曽郡大桑村,35.682911,137.664918
204323,20,木曽郡木曽町,35.842431,137.691508
204463,20,東筑摩郡麻績村,36.456089,138.045289
204480,20,東筑摩郡生坂村,36.425248,137.927383
204501,20,東筑摩郡山形村,36.168028,137.879155
204510,20,東筑摩郡朝日村,36.123550,137.866133
204528,20,東筑摩郡筑北村,36.402553,138.011938
204811,20,北安曇郡池田町,36.421366,137.874502
204820,20,北安曇郡松川村,36.424076,137.854498
204854,20,北安曇郡白馬村,36.698180,137.861850
204862,20,北安曇郡小谷村,36.779067,137.908405
205214,20,埴科郡坂城町,36.461820,138.180106
205419,20,上高井郡小布施町,36.697492,138.312037
205435,20,上高井郡高山村,36.679768,138.363255
205613,20,下高井郡山ノ内町,36.744634,138.412596
205621,20,下高井郡木島平村,36.858406,138.406829
205630,20,下高井郡野沢温泉村,36.922902,138.440641
205834,20,上水内郡信濃町,36.806404,138.207113
205885,20,上水内郡小川村,36.617271,137.974724
205907,20,上水内郡飯綱町,36.763185,138.254809
206024,20,下水内郡栄村,36.987514,138.577069
212016,21,岐阜市,35.423298,136.760654
212024,21,大垣市,35.359384,136.612750
212032,21,高山市,36.146124,137.252173
212041,21,多治見市,35.332800,137.132077
212059,21,関市,35.495738,136.917842
212067,21,中津川市,35.487548,137.500509
212075,21,美濃市,35.544770,136.907540
212083,21,瑞浪市,35.361712,137.254587
212091,21,羽島市,35.319910,136.703349
212105,21,恵那市,35.449314,137.412808
212113,21,美濃加茂市,35.440242,137.015664
212121,21,土岐市,35.352500,137.183202
212130,21,各務原市,35.398869,136.848264
212148,21,可児市,35.426121,137.061011
212156,21,山県市,35.506109,136.781372
212164,21,瑞穂市,35.404094,136.649774
212172,21,飛騨市,36.238124,137.186317
212181,21,本巣市,35.483047,136.678766
212199,21,郡上市,35.748577,136.964354
212202,21,下呂市,35.805882,137.244100
212211,21,海津市,35.220492,136.636662
213021,21,羽島郡岐南町,35.389722,136.783317
213039,21,羽島郡笠松町,35.367200,136.763167
213411,21,養老郡養老町,35.308333,136.561555
213616,21,不破郡垂井町,35.370254,136.527102
213624,21,不破郡関ケ原町,35.365517,136.466982
213811,21,安八郡神戸町,35.417368,136.608459
213829,21,安八郡輪之内町,35.285108,136.637435
213837,21,安八郡安八町,35.335391,136.665409
214019,21,揖斐郡揖斐川町,35.487309,136.568653
214035,21,揖斐郡大野町,35.470614,136.627552
214043,21,揖斐郡池田町,35.442259,136.572926
214213,21,本巣郡北方町,35.436948,136.685967
215015,21,加茂郡坂祝町,35.426662,136.985459
215023,21,加茂郡富加町,35.484883,136.979824
215031,21,加茂郡川辺町,35.486579,137.070608
215040,21,加茂郡七宗町,35.543724,137.119833
215058,21,加茂郡八百津町,35.475952,137.141502
215066,21,加茂郡白川町,35.581859,137.187824
215074,21,加茂郡東白川村,35.642561,137.323751
215210,21,可児郡御嵩町,35.434245,137.130790
216046,21,大野郡白川村,36.270806,136.898478
221015,22,静岡市葵区,34.975140,138.383243
221023,22,静岡市駿河区,34.960745,138.404039
221031,22,静岡市清水区,35.015888,138.489528
221317,22,浜松市中区,34.710896,137.725940
221325,22,浜松市東区,34.741325,137.791772
221333,22,浜松市西区,34.692710,137.645317
221341,22,浜松市南区,34.667333,137.752300
221350,22,浜松市北区,34.806193,137.651023
221368,22,浜松市浜北区,34.793372,137.789925
221376,22,浜松市天竜区,34.872649,137.816265
222038,22,沼津市,35.095584,138.863493
222054,22,熱海市,35.096276,139.071705
222062,22,三島市,35.118402,138.918513
222071,22,富士宮市,35.222054,138.621643
222089,22,伊東市,34.965671,139.101936
222097,22,島田市,34.836364,138.175997
222101,22,富士市,35.161399,138.676273
222119,22,磐田市,34.717904,137.851513
222127,22,焼津市,34.866920,138.323189
222135,22,掛川市,34.768767,137.998168
222143,22,藤枝市,34.867367,138.257458
222151,22,御殿場市,35.308584,138.934506
222160,22,袋井市,34.750174,137.924679
222194,22,下田市,34.679533,138.945316
222208,22,裾野市,35.173883,138.906729
222216,22,湖西市,34.718466,137.531626
222224,22,伊豆市,34.976586,138.946704
222232,22,御前崎市,34.637987,138.128127
222241,22,菊川市,34.757746,138.084582
222259,22,伊豆の国市,35.027735,138.928921
222267,22,牧之原市,34.740043,138.224652
223018,22,賀茂郡東伊豆町,34.772835,139.041311
223026,22,賀茂郡河津町,34.757033,138.987538
223042,22,賀茂郡南伊豆町,34.651092,138.858527
223051,22,賀茂郡松崎町,34.752769,138.778726
223069,22,賀茂郡西伊豆町,34.771676,138.775356
223255,22,田方郡函南町,35.088973,138.953366
223417,22,駿東郡清水町,35.099015,138.902717
223425,22,駿東郡長泉町,35.137670,138.897178
223441,22,駿東郡小山町,35.360107,138.987298
224243,22,榛原郡吉田町,34.770870,138.251993
224294,22,榛原郡川根本町,35.046833,138.081695
224618,22,周智郡森町,34.835627,137.927019
231011,23,名古屋市千種区,35.166486,136.946434
231029,23,名古屋市東区,35.179325,136.925993
231037,23,名古屋市北区,35.194206,136.911519
231045,23,名古屋市西区,35.189117,136.890033
231053,23,名古屋市中村区,35.168747,136.873015
231061,23,名古屋市中区,35.168707,136.910251
231070,23,名古屋市昭和区,35.150199,136.934124
231088,23,名古屋市瑞穂区,35.131441,136.934961
231096,23,名古屋市熱田区,35.128545,136.910280
231100,23,名古屋市中川区,35.141539,136.854793
231118,23,名古屋市港区,35.107772,136.885567
231126,23,名古屋市南区,35.095169,136.931242
231134,23,名古屋市守山区,35.203335,136.976314
231142,23,名古屋市緑区,35.070805,136.952238
231151,23,名古屋市名東区,35.175848,137.010183
231169,23,名古屋市天白区,35.122671,136.974982
232017,23,豊橋市,34.769200,137.391466
232025,23,岡崎市,34.954379,137.174329
232033,23,一宮市,35.303890,136.802933
232041,23,瀬戸市,35.223614,137.084171
232050,23,半田市,34.891718,136.937961
232068,23,春日井市,35.247611,136.972224
232076,23,豊川市,34.826851,137.375542
232084,23,津島市,35.177029,136.741214
232092,23,碧南市,34.884804,136.993375
232106,23,刈谷市,34.989225,137.002107
232114,23,豊田市,35.082395,137.156249
232122,23,安城市,34.958641,137.080297
232131,23,西尾市,34.861937,137.061850
232149,23,蒲郡市,34.826500,137.219516
232157,23,犬山市,35.378607,136.944564
232165,23,常滑市,34.886700,136.832397
232173,23,江南市,35.332011,136.870617
232190,23,小牧市,35.290310,136.910952
232203,23,稲沢市,35.248132,136.780202
232211,23,新城市,34.899229,137.498476
232220,23,東海市,35.022843,136.902530
232238,23,大府市,35.011657,136.963835
232246,23,知多市,34.996533,136.864755
232254,23,知立市,35.001272,137.050749
232262,23,尾張旭市,35.216513,137.035396
232271,23,高浜市,34.927643,136.987677
232289,23,岩倉市,35.279503,136.871431
232297,23,豊明市,35.053688,137.012997
232301,23,日進市,35.132015,137.039412
232319,23,田原市,34.668806,137.264203
232327,23,愛西市,35.153141,136.728100
232335,23,清須市,35.203381,136.865521
232343,23,北名古屋市,35.245668,136.866008
232351,23,弥富市,35.110018,136.724739
232360,23,みよし市,35.089410,137.074854
232378,23,あま市,35.170304,136.800830
232386,23,長久手市,35.184126,137.048762
233021,23,愛知郡東郷町,35.096748,137.052553
233421,23,西春日井郡豊山町,35.250474,136.912006
233617,23,丹羽郡大口町,35.332436,136.907670
233625,23,丹羽郡扶桑町,35.359140,136.913079
234249,23,海部郡大治町,35.175078,136.820095
234257,23,海部郡蟹江町,35.132331,136.786746
234273,23,海部郡飛島村,35.078848,136.791078
234419,23,知多郡阿久比町,34.932611,136.915554
234427,23,知多郡東浦町,34.977094,136.965622
234451,23,知多郡南知多町,34.715167,136.929970
234460,23,知多郡美浜町,34.778815,136.908237
234478,23,知多郡武豊町,34.851134,136.914803
235016,23,額田郡幸田町,34.864442,137.165617
235610,23,北設楽郡設楽町,35.097219,137.571445
235628,23,北設楽郡東栄町,35.076939,137.697837
235636,23,北設楽郡豊根村,35.146738,137.719700
242012,24,津市,34.718596,136.505698
242021,24,四日市市,34.965157,136.624485
242039,24,伊勢市,34.487514,136.709336
242047,24,松阪市,34.577993,136.527593
242055,24,桑名市,35.062216,136.683803
242071,24,鈴鹿市,34.881880,136.584209
242080,24,名張市,34.627659,136.108296
242098,24,尾鷲市,34.070799,136.190995
242101,24,亀山市,34.855755,136.451645
242110,24,鳥羽市,34.481435,136.843362
242128,24,熊野市,33.888604,136.100237
242144,24,いなべ市,35.115701,136.561471
242152,24,志摩市,34.328160,136.829691
242161,24,伊賀市,34.768595,136.129910
243035,24,桑名郡木曽岬町,35.075980,136.731328
243248,24,員弁郡東員町,35.074257,136.583578
243418,24,三重郡菰野町,35.020068,136.507344
243434,24,三重郡朝日町,35.034210,136.664352
243442,24,三重郡川越町,35.023009,136.673865
244414,24,多気郡多気町,34.496153,136.546146
244422,24,多気郡明和町,34.547560,136.623176
244431,24,多気郡大台町,34.393387,136.407875
244619,24,度会郡玉城町,34.490278,136.630929
244708,24,度会郡度会町,34.438923,136.622466
244716,24,度会郡大紀町,34.358045,136.415792
244724,24,度会郡南伊勢町,34.352095,136.703689
245437,24,北牟婁郡紀北町,34.211533,136.337313
245615,24,南牟婁郡御浜町,33.814478,136.048724
245623,24,南牟婁郡紀宝町,33.733773,136.009670
252018,25,大津市,35.017893,135.854607
252026,25,彦根市,35.274461,136.259623
252034,25,長浜市,35.380815,136.278722
252042,25,近江八幡市,35.128339,136.097907
252069,25,草津市,35.013134,135.959936
252077,25,守山市,35.058940,135.994404
252085,25,栗東市,35.021617,135.997996
252093,25,甲賀市,34.966139,136.167092
252107,25,野洲市,35.067454,136.025850
252115,25,湖南市,35.004150,136.084679
252123,25,高島市,35.353071,136.035830
252131,25,東近江市,35.112456,136.207765
252140,25,米原市,35.361585,136.370192
253839,25,蒲生郡日野町,35.018003,136.246043
253847,25,蒲生郡竜王町,35.060803,136.124535
254258,25,愛知郡愛荘町,35.168940,136.212367
254410,25,犬上郡豊郷町,35.200343,136.229893
254428,25,犬上郡甲良町,35.204119,136.261205
254436,25,犬上郡多賀町,35.221996,136.292049
261017,26,京都市北区,35.041053,135.753983
261025,26,京都市上京区,35.029618,135.756627
261033,26,京都市左京区,35.048569,135.778548
261041,26,京都市中京区,35.010425,135.751411
261050,26,京都市東山区,34.997057,135.776162
261068,26,京都市下京区,34.987655,135.755533
261076,26,京都市南区,34.976661,135.746495
261084,26,京都市右京区,35.010133,135.716078
261092,26,京都市伏見区,34.936030,135.761410
261106,26,京都市山科区,34.972336,135.813697
261114,26,京都市西京区,34.985104,135.693420
262013,26,福知山市,35.296700,135.126563
262021,26,舞鶴市,35.474797,135.385992
262030,26,綾部市,35.298916,135.258812
262048,26,宇治市,34.884461,135.799854
262056,26,宮津市,35.535577,135.195567
262064,26,亀岡市,35.013408,135.573609
262072,26,城陽市,34.853008,135.779974
262081,26,向日市,34.948736,135.698288
262099,26,長岡京市,34.926771,135.695785
262102,26,八幡市,34.875555,135.707621
262111,26,京田辺市,34.814459,135.767695
262129,26,京丹後市,35.624166,135.061000
262137,26,南丹市,35.107374,135.470260
262145,26,木津川市,34.737162,135.820117
263036,26,乙訓郡大山崎町,34.902806,135.688476
263222,26,久世郡久御山町,34.881500,135.732607
263435,26,綴喜郡井手町,34.798408,135.803306
263443,26,綴喜郡宇治田原町,34.852670,135.856855
263648,26,相楽郡笠置町,34.760450,135.939366
263656,26,相楽郡和束町,34.795710,135.904880
263664,26,相楽郡精華町,34.760856,135.785833
263672,26,相楽郡南山城村,34.772789,135.993537
264075,26,船井郡京丹波町,35.164362,135.423055
264636,26,与謝郡伊根町,35.675146,135.272639
264652,26,与謝郡与謝野町,35.565309,135.152841
271021,27,大阪市都島区,34.701279,135.528090
271039,27,大阪市福島区,34.692337,135.472229
271047,27,大阪市此花区,34.683049,135.452328
271063,27,大阪市西区,34.676231,135.486059
271071,27,大阪市港区,34.663918,135.460681
271080,27,大阪市大正区,34.650403,135.472700
271098,27,大阪市天王寺区,34.657917,135.519362
271110,27,大阪市浪速区,34.659444,135.499630
271136,27,大阪市西淀川区,34.711348,135.456202
271144,27,大阪市東淀川区,34.741214,135.529423
271152,27,大阪市東成区,34.670002,135.541268
271161,27,大阪市生野区,34.653751,135.534413
271179,27,大阪市旭区,34.721177,135.544220
271187,27,大阪市城東区,34.701890,135.545973
271195,27,大阪市阿倍野区,34.638969,135.518496
271209,27,大阪市住吉区,34.603673,135.500632
271217,27,大阪市東住吉区,34.622163,135.526601
271225,27,大阪市西成区,34.634872,135.494373
271233,27,大阪市淀川区,34.721026,135.486711
271241,27,大阪市鶴見区,34.704329,135.574198
271250,27,大阪市住之江区,34.609675,135.482742
271268,27,大阪市平野区,34.621199,135.546072
271276,27,大阪市北区,34.705362,135.510025
271284,27,大阪市中央区,34.681261,135.509801
271411,27,堺市堺区,34.573254,135.483101
271420,27,堺市中区,34.528342,135.498636
271438,27,堺市東区,34.538192,135.536591
271446,27,堺市西区,34.534999,135.463972
271454,27,堺市南区,34.486527,135.490568
271462,27,堺市北区,34.565350,135.517178
271471,27,堺市美原区,34.538545,135.559833
272027,27,岸和田市,34.460634,135.370829
272035,27,豊中市,34.781266,135.469739
272043,27,池田市,34.821705,135.428444
272051,27,吹田市,34.759453,135.516860
272060,27,泉大津市,34.504279,135.410464
272078,27,高槻市,34.846159,135.617272
272086,27,貝塚市,34.437584,135.358517
272094,27,守口市,34.737695,135.563904
272108,27,枚方市,34.814340,135.650658
272116,27,茨木市,34.816338,135.568505
272124,27,八尾市,34.626864,135.600978
272132,27,泉佐野市,34.406848,135.327337
272141,27,富田林市,34.499527,135.597128
272159,27,寝屋川市,34.766093,135.628100
272167,27,河内長野市,34.458084,135.564226
272175,27,松原市,34.577879,135.551850
272183,27,大東市,34.712015,135.623659
272191,27,和泉市,34.483527,135.423557
272205,27,箕面市,34.826930,135.470463
272213,27,柏原市,34.579305,135.628642
272221,27,羽曳野市,34.558035,135.606212
272230,27,門真市,34.739542,135.586890
272248,27,摂津市,34.777356,135.561817
272256,27,高石市,34.520717,135.442452
272264,27,藤井寺市,34.574277,135.597474
272272,27,東大阪市,34.679330,135.601012
272281,27,泉南市,34.366005,135.273339
272299,27,四條畷市,34.739941,135.639533
272302,27,交野市,34.787944,135.679953
272311,27,大阪狭山市,34.503795,135.555693
272329,27,阪南市,34.359583,135.239670
273015,27,三島郡島本町,34.883925,135.662970
273210,27,豊能郡豊能町,34.918948,135.494174
273228,27,豊能郡能勢町,34.972551,135.414274
273414,27,泉北郡忠岡町,34.487093,135.401323
273619,27,泉南郡熊取町,34.401283,135.355785
273627,27,泉南郡田尻町,34.393774,135.291174
273660,27,泉南郡岬町,34.316978,135.142139
273813,27,南河内郡太子町,34.518682,135.647661
273821,27,南河内郡河南町,34.491637,135.629699
273830,27,南河内郡千早赤阪村,34.464587,135.622537
281018,28,神戸市東灘区,34.720228,135.265455
281026,28,神戸市灘区,34.712329,135.239657
281051,28,神戸市兵庫区,34.680578,135.165291
281069,28,神戸市長田区,34.665638,135.151026
281077,28,神戸市須磨区,34.658633,135.133700
281085,28,神戸市垂水区,34.630252,135.056766
281093,28,神戸市北区,34.727317,135.144440
281107,28,神戸市中央区,34.695124,135.197852
281115,28,神戸市西区,34.683239,134.981602
282014,28,姫路市,34.815149,134.685353
282022,28,尼崎市,34.733734,135.406376
282031,28,明石市,34.643107,134.997179
282049,28,西宮市,34.737597,135.341564
282057,28,洲本市,34.342426,134.895620
282065,28,芦屋市,34.726950,135.304162
282073,28,伊丹市,34.784306,135.400947
282081,28,相生市,34.803601,134.468066
282090,28,豊岡市,35.544575,134.820181
282103,28,加古川市,34.756950,134.841177
282120,28,赤穂市,34.754956,134.390284
282138,28,西脇市,34.993355,134.969189
282146,28,宝塚市,34.799767,135.360073
282154,28,三木市,34.796944,134.990197
282162,28,高砂市,34.766201,134.790442
282171,28,川西市,34.830135,135.417278
282189,28,小野市,34.853193,134.931376
282197,28,三田市,34.889996,135.225453
282201,28,加西市,34.927936,134.841622
282219,28,篠山市,35.075661,135.219051
282227,28,養父市,35.404657,134.767671
282235,28,丹波市,35.177100,135.035854
282243,28,南あわじ市,34.294480,134.779855
282251,28,朝来市,35.339665,134.853150
282260,28,淡路市,34.439699,134.915016
282278,28,宍粟市,35.004417,134.549466
282286,28,加東市,34.918573,134.973381
282294,28,たつの市,34.857863,134.545360
283011,28,川辺郡猪名川町,34.895037,135.376162
283657,28,多可郡多可町,35.050335,134.923275
283819,28,加古郡稲美町,34.748807,134.913551
283827,28,加古郡播磨町,34.715299,134.867912
284424,28,神崎郡市川町,34.989368,134.763317
284432,28,神崎郡福崎町,34.950302,134.760248
284467,28,神崎郡神河町,35.064226,134.739831
284645,28,揖保郡太子町,34.833264,134.572255
284815,28,赤穂郡上郡町,34.873563,134.356098
285013,28,佐用郡佐用町,35.004346,134.355734
285854,28,美方郡香美町,35.632186,134.629178
285862,28,美方郡新温泉町,35.623481,134.448939
292010,29,奈良市,34.685087,135.805000
292028,29,大和高田市,34.515046,135.736392
292036,29,大和郡山市,34.649374,135.782755
292044,29,天理市,34.596647,135.837331
292052,29,橿原市,34.509448,135.792626
292061,29,桜井市,34.518714,135.843216
292079,29,五條市,34.352030,135.693632
292087,29,御所市,34.463331,135.740240
292095,29,生駒市,34.691960,135.700536
292109,29,香芝市,34.541256,135.698937
292117,29,葛城市,34.511119,135.706917
292125,29,宇陀市,34.528029,135.952269
293229,29,山辺郡山添村,34.681280,136.043800
293423,29,生駒郡平群町,34.629174,135.700654
293431,29,生駒郡三郷町,34.600138,135.695525
293440,29,生駒郡斑鳩町,34.608849,135.730591
293458,29,生駒郡安堵町,34.606480,135.756781
293610,29,磯城郡川西町,34.584394,135.774038
293628,29,磯城郡三宅町,34.573698,135.773144
293636,29,磯城郡田原本町,34.556601,135.794876
293857,29,宇陀郡曽爾村,34.510647,136.124478
293865,29,宇陀郡御杖村,34.488389,136.165916
294012,29,高市郡高取町,34.449513,135.793175
294021,29,高市郡明日香村,34.471278,135.820641
294241,29,北葛城郡上牧町,34.562749,135.716629
294250,29,北葛城郡王寺町,34.594725,135.706551
294268,29,北葛城郡広陵町,34.542784,135.750835
294276,29,北葛城郡河合町,34.578472,135.736672
294411,29,吉野郡吉野町,34.396049,135.857618
294420,29,吉野郡大淀町,34.390562,135.789716
294438,29,吉野郡下市町,34.360981,135.791858
294446,29,吉野郡黒滝村,34.309307,135.852142
294462,29,吉野郡天川村,34.241909,135.855149
294471,29,吉野郡野迫川村,34.166257,135.633063
294497,29,吉野郡十津川村,33.988495,135.792415
294501,29,吉野郡下北山村,34.005038,135.955167
294519,29,吉野郡上北山村,34.134322,135.999988
294527,29,吉野郡川上村,34.338107,135.954325
294535,29,吉野郡東吉野村,34.403582,135.968365
302015,30,和歌山市,34.230511,135.170808
302023,30,海南市,34.155336,135.209223
302031,30,橋本市,34.315053,135.605296
302040,30,有田市,34.083095,135.127635
302058,30,御坊市,33.891492,135.152346
302066,30,田辺市,33.728034,135.377768
302074,30,新宮市,33.724108,135.992955
302082,30,紀の川市,34.269860,135.362757
302091,30,岩出市,34.256295,135.311323
303046,30,海草郡紀美野町,34.167225,135.307489
303411,30,伊都郡かつらぎ町,34.296396,135.503836
303437,30,伊都郡九度山町,34.287169,135.562245
303445,30,伊都郡高野町,34.216069,135.586536
303615,30,有田郡湯浅町,34.029394,135.190452
303623,30,有田郡広川町,34.030032,135.172993
303666,30,有田郡有田川町,34.065322,135.254432
303810,30,日高郡美浜町,33.893756,135.133101
303828,30,日高郡日高町,33.925730,135.140883
303836,30,日高郡由良町,33.959223,135.118349
303909,30,日高郡印南町,33.818367,135.218247
303917,30,日高郡みなべ町,33.772324,135.321442
303925,30,日高郡日高川町,33.911783,135.185875
304018,30,西牟婁郡白浜町,33.678165,135.348134
304042,30,西牟婁郡上富田町,33.696366,135.428830
304069,30,西牟婁郡すさみ町,33.550151,135.496640
304212,30,東牟婁郡那智勝浦町,33.625950,135.941067
304221,30,東牟婁郡太地町,33.594031,135.943962
304247,30,東牟婁郡古座川町,33.531840,135.814802
304271,30,東牟婁郡北山村,33.932097,135.969207
304280,30,東牟婁郡串本町,33.472470,135.781498
312011,31,鳥取市,35.501133,134.235091
312029,31,米子市,35.428072,133.330945
312037,31,倉吉市,35.430179,133.825561
312045,31,境港市,35.539592,133.231486
313025,31,岩美郡岩美町,35.575993,134.332090
313254,31,八頭郡若桜町,35.340170,134.400997
313289,31,八頭郡智頭町,35.265050,134.226612
313297,31,八頭町,35.409207,134.250526
313645,31,東伯郡三朝町,35.408508,133.862306
313700,31,東伯郡湯梨浜町,35.489959,133.864781
313718,31,東伯郡琴浦町,35.495398,133.693278
313726,31,東伯郡北栄町,35.490030,133.758355
313840,31,西伯郡日吉津村,35.440207,133.380788
313866,31,西伯郡大山町,35.510737,133.496114
313891,31,西伯郡南部町,35.370784,133.361891
313904,31,西伯郡伯耆町,35.385333,133.407164
314013,31,日野郡日南町,35.163294,133.306233
314021,31,日野郡日野町,35.240791,133.442786
314030,31,日野郡江府町,35.283187,133.488561
322016,32,松江市,35.468060,133.048375
322024,32,浜田市,34.899303,132.079783
322032,32,出雲市,35.367035,132.754682
322041,32,益田市,34.674817,131.842862
322059,32,大田市,35.192106,132.499293
322067,32,安来市,35.431442,133.250915
322075,32,江津市,35.011418,132.220930
322091,32,雲南市,35.307726,132.900299
323438,32,仁多郡奥出雲町,35.197430,133.002543
323861,32,飯石郡飯南町,35.000035,132.713874
324418,32,邑智郡川本町,34.994145,132.495496
324485,32,邑智郡美郷町,35.076690,132.590559
324493,32,邑智郡邑南町,34.893963,132.437970
325015,32,鹿足郡津和野町,34.467185,131.773166
325058,32,鹿足郡吉賀町,34.442094,131.867897
325252,32,隠岐郡海士町,36.096571,133.096709
325261,32,隠岐郡西ノ島町,36.093027,132.994422
325279,32,隠岐郡知夫村,36.013929,133.039386
325287,32,隠岐郡隠岐の島町,36.209014,133.321770
331015,33,岡山市北区,34.655340,133.919813
331023,33,岡山市中区,34.670842,133.943180
331031,33,岡山市東区,34.651443,134.029488
331040,33,岡山市南区,34.599777,133.919553
332020,33,倉敷市,34.585013,133.772084
332038,33,津山市,35.069116,134.004543
332046,33,玉野市,34.491943,133.945987
332054,33,笠岡市,34.507180,133.507441
332071,33,井原市,34.597672,133.463681
332089,33,総社市,34.672807,133.746528
332097,33,高梁市,34.791023,133.616733
332101,33,新見市,34.977030,133.470306
332119,33,備前市,34.745160,134.188044
332127,33,瀬戸内市,34.664887,134.092846
332135,33,赤磐市,34.755388,134.018840
332143,33,真庭市,35.075602,133.752730
332151,33,美作市,35.008588,134.148572
332160,33,浅口市,34.527839,133.584922
333468,33,和気郡和気町,34.849729,134.097923
334235,33,都窪郡早島町,34.600702,133.828354
334456,33,浅口郡里庄町,34.513790,133.556866
334618,33,小田郡矢掛町,34.627593,133.587085
335860,33,真庭郡新庄村,35.179458,133.567734
336068,33,苫田郡鏡野町,35.091833,133.932799
336220,33,勝田郡勝央町,35.041840,134.116183
336238,33,勝田郡奈義町,35.123024,134.177425
336432,33,英田郡西粟倉村,35.171331,134.336273
336637,33,久米郡久米南町,34.929246,133.960687
336661,33,久米郡美咲町,34.997953,133.958163
336815,33,加賀郡吉備中央町,34.860965,133.811806
341011,34,広島市中区,34.386245,132.455018
341029,34,広島市東区,34.395480,132.482429
341037,34,広島市南区,34.379979,132.469033
341045,34,広島市西区,34.393972,132.434421
341053,34,広島市安佐南区,34.451844,132.471630
341061,34,広島市安佐北区,34.518373,132.507753
341070,34,広島市安芸区,34.371728,132.525417
341088,34,広島市佐伯区,34.364446,132.360840
342025,34,呉市,34.249254,132.565805
342033,34,竹原市,34.341794,132.907088
342041,34,三原市,34.397433,133.078658
342050,34,尾道市,34.408876,133.204889
342076,34,福山市,34.485899,133.362313
342084,34,府中市,34.568347,133.236321
342092,34,三次市,34.805574,132.851674
342106,34,庄原市,34.857732,133.017277
342114,34,大竹市,34.237977,132.222475
342122,34,東広島市,34.426380,132.743307
342131,34,廿日市市,34.348258,132.331622
342149,34,安芸高田市,34.666307,132.704299
342157,34,江田島市,34.223002,132.443855
343021,34,安芸郡府中町,34.392486,132.504580
343048,34,安芸郡海田町,34.372164,132.536089
343072,34,安芸郡熊野町,34.335736,132.584637
343099,34,安芸郡坂町,34.341240,132.513703
343684,34,山県郡安芸太田町,34.576745,132.227141
343692,34,山県郡北広島町,34.674558,132.538416
344311,34,豊田郡大崎上島町,34.269633,132.915086
344621,34,世羅郡世羅町,34.586828,133.056651
345458,34,神石郡神石高原町,34.703661,133.247652
352012,35,下関市,33.957831,130.941459
352021,35,宇部市,33.951509,131.246786
352039,35,山口市,34.178496,131.473727
352047,35,萩市,34.408116,131.399085
352063,35,防府市,34.051752,131.562690
352071,35,下松市,34.015030,131.870342
352080,35,岩国市,34.166562,132.218848
352101,35,光市,33.961913,131.942282
352110,35,長門市,34.370956,131.182195
352128,35,柳井市,33.963833,132.101597
352136,35,美祢市,34.166635,131.205678
352152,35,周南市,34.055119,131.806186
352161,35,山陽小野田市,34.003064,131.181967
353051,35,大島郡周防大島町,33.927595,132.195234
353213,35,玖珂郡和木町,34.202406,132.220408
353418,35,熊毛郡上関町,33.830976,132.110743
353434,35,熊毛郡田布施町,33.954703,132.041373
353442,35,熊毛郡平生町,33.937988,132.073052
355020,35,阿武郡阿武町,34.503335,131.471399
362018,36,徳島市,34.070270,134.554844
362026,36,鳴門市,34.172562,134.608786
362034,36,小松島市,34.004711,134.590674
362042,36,阿南市,33.921748,134.659469
362051,36,吉野川市,34.025689,134.259833
362069,36,阿波市,34.102148,134.297437
362077,36,美馬市,34.053403,134.169749
362085,36,三好市,34.026041,133.807263
363014,36,勝浦郡勝浦町,33.931408,134.511356
363022,36,勝浦郡上勝町,33.889162,134.402051
363219,36,名東郡佐那河内村,33.993208,134.453122
363413,36,名西郡石井町,34.074173,134.440690
363421,36,名西郡神山町,33.967291,134.350461
363685,36,那賀郡那賀町,33.820626,134.478830
363839,36,海部郡牟岐町,33.668407,134.420555
363871,36,海部郡美波町,33.734553,134.535444
363880,36,海部郡海陽町,33.602029,134.351997
364011,36,板野郡松茂町,34.133768,134.580556
364029,36,板野郡北島町,34.125578,134.546987
364037,36,板野郡藍住町,34.126587,134.495090
364045,36,板野郡板野町,34.144363,134.462618
364053,36,板野郡上板町,34.121384,134.404816
364681,36,美馬郡つるぎ町,34.037335,134.064074
364894,36,三好郡東みよし町,34.036783,133.936757
372013,37,高松市,34.342788,134.046574
372021,37,丸亀市,34.289506,133.797706
372030,37,坂出市,34.316319,133.860510
372048,37,善通寺市,34.228533,133.787113
372056,37,観音寺市,34.128466,133.662811
372064,37,さぬき市,34.325207,134.172120
372072,37,東かがわ市,34.243809,134.358743
372081,37,三豊市,34.182547,133.715219
373222,37,小豆郡土庄町,34.486022,134.185807
373249,37,小豆郡小豆島町,34.481998,134.233595
373419,37,木田郡三木町,34.268284,134.134293
373648,37,香川郡直島町,34.459703,133.995689
373869,37,綾歌郡宇多津町,34.310298,133.825513
373877,37,綾歌郡綾川町,34.249627,133.923066
374032,37,仲多度郡琴平町,34.191417,133.823303
374041,37,仲多度郡多度津町,34.272488,133.753605
374067,37,仲多度郡まんのう町,34.192329,133.841402
382019,38,松山市,33.839157,132.765575
382027,38,今治市,34.066098,132.997860
382035,38,宇和島市,33.223340,132.560557
382043,38,八幡浜市,33.462898,132.423336
382051,38,新居浜市,33.960290,133.283351
382060,38,西条市,33.919511,133.181170
382078,38,大洲市,33.506194,132.544509
382108,38,伊予市,33.757429,132.703729
382132,38,四国中央市,33.980761,133.549195
382141,38,西予市,33.362620,132.510992
382159,38,東温市,33.791024,132.872296
383562,38,越智郡上島町,34.257336,133.204507
383864,38,上浮穴郡久万高原町,33.655606,132.901671
384011,38,伊予郡松前町,33.787440,132.711375
384020,38,伊予郡砥部町,33.749263,132.792228
384224,38,喜多郡内子町,33.532902,132.658007
384429,38,西宇和郡伊方町,33.488574,132.354012
384844,38,北宇和郡松野町,33.227189,132.710799
384887,38,北宇和郡鬼北町,33.255857,132.684104
385069,38,南宇和郡愛南町,32.962164,132.583324
392014,39,高知市,33.559587,133.529279
392022,39,室戸市,33.290009,134.152051
392031,39,安芸市,33.502546,133.907166
392049,39,南国市,33.575671,133.641460
392057,39,土佐市,33.496044,133.425292
392065,39,須崎市,33.400745,133.282953
392081,39,宿毛市,32.939009,132.726286
392090,39,土佐清水市,32.781634,132.954989
392103,39,四万十市,32.991384,132.933749
392111,39,香南市,33.564171,133.700488
392120,39,香美市,33.603719,133.686003
393011,39,安芸郡東洋町,33.527937,134.279974
393029,39,安芸郡奈半利町,33.424181,134.020952
393037,39,安芸郡田野町,33.427708,134.008293
393045,39,安芸郡安田町,33.438570,133.981074
393053,39,安芸郡北川村,33.447694,134.042067
393061,39,安芸郡馬路村,33.555350,134.048108
393070,39,安芸郡芸西村,33.526901,133.808914
393410,39,長岡郡本山町,33.757107,133.591412
393444,39,長岡郡大豊町,33.764291,133.664275
393631,39,土佐郡土佐町,33.737064,133.531675
393649,39,土佐郡大川村,33.783926,133.466608
393860,39,吾川郡いの町,33.548754,133.427773
393878,39,吾川郡仁淀川町,33.575245,133.168574
394017,39,高岡郡中土佐町,33.337346,133.140361
394025,39,高岡郡佐川町,33.500869,133.286530
394033,39,高岡郡越知町,33.532920,133.251991
394050,39,高岡郡檮原町,33.392246,132.926987
394106,39,高岡郡日高村,33.534897,133.373353
394114,39,高岡郡津野町,33.446580,133.199469
394122,39,高岡郡四万十町,33.211653,133.137027
394246,39,幡多郡大月町,32.841482,132.707026
394271,39,幡多郡三原村,32.906013,132.847242
394289,39,幡多郡黒潮町,33.024930,133.010920
401013,40,北九州市門司区,33.941138,130.959663
401030,40,北九州市若松区,33.905476,130.811143
401056,40,北九州市戸畑区,33.893508,130.829814
401064,40,北九州市小倉北区,33.880882,130.873419
401072,40,北九州市小倉南区,33.846525,130.884811
401081,40,北九州市八幡東区,33.863444,130.811863
401099,40,北九州市八幡西区,33.866465,130.764923
401315,40,福岡市東区,33.617746,130.417391
401323,40,福岡市博多区,33.591358,130.414878
401331,40,福岡市中央区,33.589216,130.392813
401340,40,福岡市南区,33.561569,130.426428
401358,40,福岡市西区,33.582939,130.323119
401366,40,福岡市城南区,33.575686,130.369976
401374,40,福岡市早良区,33.581941,130.348436
402028,40,大牟田市,33.030262,130.445985
402036,40,久留米市,33.319287,130.508374
402044,40,直方市,33.744184,130.729633
402052,40,飯塚市,33.645908,130.691511
402061,40,田川市,33.638982,130.806298
402079,40,柳川市,33.163089,130.405753
402109,40,八女市,33.211967,130.557908
402117,40,筑後市,33.212447,130.502093
402125,40,大川市,33.206594,130.383958
402133,40,行橋市,33.728773,130.982967
402141,40,豊前市,33.611511,131.130051
402150,40,中間市,33.816650,130.709077
402168,40,小郡市,33.396416,130.555438
402176,40,筑紫野市,33.496342,130.515657
402184,40,春日市,33.532571,130.470281
402192,40,大野城市,33.536307,130.478641
402206,40,宗像市,33.805431,130.540718
402214,40,太宰府市,33.512799,130.523906
402231,40,古賀市,33.728787,130.469987
402249,40,福津市,33.786866,130.469886
402257,40,うきは市,33.347297,130.754934
402265,40,宮若市,33.723568,130.666694
402273,40,嘉麻市,33.560662,130.766817
402281,40,朝倉市,33.423413,130.665573
402290,40,みやま市,33.152425,130.474720
402303,40,糸島市,33.557320,130.195555
403059,40,筑紫郡那珂川町,33.499600,130.422174
403415,40,糟屋郡宇美町,33.567779,130.511112
403423,40,糟屋郡篠栗町,33.623948,130.526256
403431,40,糟屋郡志免町,33.591473,130.479743
403440,40,糟屋郡須恵町,33.587268,130.507254
403458,40,糟屋郡新宮町,33.715295,130.446566
403482,40,糟屋郡久山町,33.646809,130.499834
403491,40,糟屋郡粕屋町,33.610743,130.480523
403814,40,遠賀郡芦屋町,33.893801,130.663896
403822,40,遠賀郡水巻町,33.854748,130.694847
403831,40,遠賀郡岡垣町,33.853599,130.611104
403849,40,遠賀郡遠賀町,33.848151,130.668438
404012,40,鞍手郡小竹町,33.692500,130.712771
404021,40,鞍手郡鞍手町,33.792218,130.673975
404217,40,嘉穂郡桂川町,33.578933,130.677904
404471,40,朝倉郡筑前町,33.456977,130.595300
404489,40,東峰村,33.464292,130.825892
405035,40,三井郡大刀洗町,33.372372,130.622480
405221,40,三潴郡大木町,33.210469,130.439733
405442,40,八女郡広川町,33.241553,130.551505
406015,40,田川郡香春町,33.667933,130.847335
406023,40,田川郡添田町,33.571855,130.853955
406040,40,田川郡糸田町,33.652789,130.779091
406058,40,田川郡川崎町,33.599940,130.814937
406082,40,田川郡大任町,33.612478,130.853714
406091,40,田川郡赤村,33.616592,130.871035
406104,40,田川郡福智町,33.683261,130.780121
406210,40,京都郡苅田町,33.775921,130.980510
406252,40,京都郡みやこ町,33.699262,130.920401
406422,40,築上郡吉富町,33.602643,131.175948
406465,40,築上郡上毛町,33.578408,131.164113
406473,40,築上郡築上町,33.656112,131.056063
412015,41,佐賀市,33.263482,130.300858
412023,41,唐津市,33.450174,129.968134
412031,41,鳥栖市,33.377755,130.506258
412040,41,多久市,33.288510,130.110061
412058,41,伊万里市,33.264586,129.880269
412066,41,武雄市,33.193749,130.019151
412074,41,鹿島市,33.103724,130.098769
412082,41,小城市,33.273665,130.216864
412091,41,嬉野市,33.128084,130.060114
412104,41,神埼市,33.310763,130.373060
413275,41,神埼郡吉野ヶ里町,33.351679,130.398357
413411,41,三養基郡基山町,33.426852,130.522813
413453,41,三養基郡上峰町,33.319626,130.426134
413461,41,三養基郡みやき町,33.324982,130.454698
413879,41,東松浦郡玄海町,33.472183,129.874698
414018,41,西松浦郡有田町,33.210563,129.849217
414239,41,杵島郡大町町,33.213754,130.116084
414247,41,杵島郡江北町,33.220592,130.157528
414255,41,杵島郡白石町,33.181035,130.143496
414417,41,藤津郡太良町,33.019407,130.178974
422011,42,長崎市,32.750286,129.877667
422029,42,佐世保市,33.179915,129.715110
422037,42,島原市,32.788103,130.370286
422045,42,諫早市,32.843438,130.053095
422053,42,大村市,32.900090,129.958142
422070,42,平戸市,33.368062,129.553671
422088,42,松浦市,33.341021,129.709045
422096,42,対馬市,34.202662,129.287490
422100,42,壱岐市,33.749950,129.691352
422118,42,五島市,32.695524,128.840829
422126,42,西海市,32.933067,129.642977
422134,42,雲仙市,32.835197,130.187500
422142,42,南島原市,32.659777,130.297864
423076,42,西彼杵郡長与町,32.825189,129.875045
423084,42,西彼杵郡時津町,32.828888,129.848536
423211,42,東彼杵郡東彼杵町,33.037026,129.917149
423220,42,東彼杵郡川棚町,33.072776,129.861190
423238,42,東彼杵郡波佐見町,33.137890,129.895546
423831,42,北松浦郡小値賀町,33.191081,129.058749
423912,42,北松浦郡佐々町,33.238342,129.650345
424111,42,南松浦郡新上五島町,32.984645,129.073391
431010,43,熊本市中央区,32.803225,130.708191
431028,43,熊本市東区,32.780522,130.768069
431036,43,熊本市西区,32.776358,130.647542
431044,43,熊本市南区,32.715333,130.678877
431052,43,熊本市北区,32.903544,130.694411
432024,43,八代市,32.507437,130.601743
432032,43,人吉市,32.210041,130.762554
432041,43,荒尾市,32.986836,130.432959
432059,43,水俣市,32.211880,130.408723
432067,43,玉名市,32.935220,130.562840
432083,43,山鹿市,33.017578,130.691365
432105,43,菊池市,32.979483,130.813333
432113,43,宇土市,32.687385,130.658521
432121,43,上天草市,32.587419,130.430527
432130,43,宇城市,32.647847,130.684365
432148,43,阿蘇市,32.951954,131.120955
432156,43,天草市,32.458635,130.192982
432164,43,合志市,32.885988,130.789707
433489,43,下益城郡美里町,32.639589,130.789026
433641,43,玉名郡玉東町,32.918900,130.628543
433675,43,玉名郡南関町,33.061610,130.541162
433683,43,玉名郡長洲町,32.929678,130.452808
433691,43,玉名郡和水町,32.978106,130.605835
434035,43,菊池郡大津町,32.878990,130.868223
434043,43,菊池郡菊陽町,32.862515,130.828623
434230,43,阿蘇郡南小国町,33.098660,131.070370
434248,43,阿蘇郡小国町,33.121568,131.068144
434256,43,阿蘇郡産山村,32.995760,131.216781
434281,43,阿蘇郡高森町,32.827279,131.122011
434329,43,阿蘇郡西原村,32.834825,130.903010
434337,43,阿蘇郡南阿蘇村,32.821982,131.031438
434418,43,上益城郡御船町,32.714616,130.801894
434426,43,上益城郡嘉島町,32.740076,130.757259
434434,43,上益城郡益城町,32.791430,130.816382
434442,43,上益城郡甲佐町,32.651599,130.811465
434477,43,上益城郡山都町,32.685453,130.990455
434680,43,八代郡氷川町,32.582500,130.673786
434825,43,葦北郡芦北町,32.298941,130.492978
434841,43,葦北郡津奈木町,32.233842,130.439583
435015,43,球磨郡錦町,32.201197,130.841115
435058,43,球磨郡多良木町,32.263997,130.935784
435066,43,球磨郡湯前町,32.276284,130.980902
435074,43,球磨郡水上村,32.314342,131.009546
435104,43,球磨郡相良村,32.235269,130.798095
435112,43,球磨郡五木村,32.397277,130.827816
435121,43,球磨郡山江村,32.246806,130.766675
435139,43,球磨郡球磨村,32.252431,130.651163
435147,43,球磨郡あさぎり町,32.240316,130.897793
435317,43,天草郡苓北町,32.513193,130.054804
442011,44,大分市,33.239558,131.609272
442020,44,別府市,33.284620,131.491214
442038,44,中津市,33.598221,131.188325
442046,44,日田市,33.321333,130.940966
442054,44,佐伯市,32.959806,131.900058
442062,44,臼杵市,33.126012,131.805124
442071,44,津久見市,33.072183,131.861277
442089,44,竹田市,32.973720,131.398002
442097,44,豊後高田市,33.557229,131.444624
442101,44,杵築市,33.417026,131.616089
442119,44,宇佐市,33.531972,131.349545
442127,44,豊後大野市,32.977536,131.584133
442135,44,由布市,33.180013,131.426856
442143,44,国東市,33.565313,131.731674
443221,44,東国東郡姫島村,33.724537,131.645139
443417,44,速見郡日出町,33.369443,131.532387
444618,44,玖珠郡九重町,33.228519,131.188794
444626,44,玖珠郡玖珠町,33.283132,131.151550
452017,45,宮崎市,31.907674,131.420241
452025,45,都城市,31.719590,131.061621
452033,45,延岡市,32.582272,131.665009
452041,45,日南市,31.601932,131.378728
452050,45,小林市,31.996731,130.972588
452068,45,日向市,32.422944,131.623965
452076,45,串間市,31.464539,131.228303
452084,45,西都市,32.108554,131.401202
452092,45,えびの市,32.045344,130.810796
453412,45,北諸県郡三股町,31.730686,131.124809
453617,45,西諸県郡高原町,31.928463,131.007751
453820,45,東諸県郡国富町,31.990644,131.323535
453838,45,東諸県郡綾町,31.999133,131.253187
454010,45,児湯郡高鍋町,32.127999,131.503355
454028,45,児湯郡新富町,32.068868,131.488017
454036,45,児湯郡西米良村,32.226232,131.154476
454044,45,児湯郡木城町,32.163969,131.473537
454052,45,児湯郡川南町,32.192071,131.525868
454061,45,児湯郡都農町,32.256293,131.559568
454214,45,東臼杵郡門川町,32.469793,131.648589
454290,45,東臼杵郡諸塚村,32.512387,131.330405
454303,45,東臼杵郡椎葉村,32.467325,131.158118
454311,45,東臼杵郡美郷町,32.437404,131.422493
454419,45,西臼杵郡高千穂町,32.711690,131.307787
454427,45,西臼杵郡日之影町,32.653816,131.388146
454435,45,西臼杵郡五ヶ瀬町,32.683020,131.196379
462012,46,鹿児島市,31.596554,130.557116
462039,46,鹿屋市,31.378292,130.852077
462047,46,枕崎市,31.272900,130.296904
462063,46,阿久根市,32.014470,130.192773
462080,46,出水市,32.090572,130.352753
462101,46,指宿市,31.252770,130.633031
462136,46,西之表市,30.732412,130.996835
462144,46,垂水市,31.492734,130.700914
462152,46,薩摩川内市,31.813517,130.304244
462161,46,日置市,31.633709,130.402425
462179,46,曽於市,31.653621,131.019391
462187,46,霧島市,31.740899,130.762997
462195,46,いちき串木野市,31.714553,130.271929
462209,46,南さつま市,31.416612,130.323408
462217,46,志布志市,31.495442,131.045336
462225,46,奄美市,28.377248,129.493741
462233,46,南九州市,31.378262,130.441645
462241,46,伊佐市,32.057225,130.613105
462250,46,姶良市,31.728228,130.627816
463035,46,鹿児島郡三島村,30.792170,130.303757
463043,46,鹿児島郡十島村,29.837598,129.868198
463922,46,薩摩郡さつま町,31.905701,130.455660
464040,46,出水郡長島町,32.199375,130.176833
464520,46,姶良郡湧水町,31.951580,130.720924
464686,46,曽於郡大崎町,31.429201,131.005865
464821,46,肝属郡東串良町,31.385517,130.973495
464902,46,肝属郡錦江町,31.243566,130.787595
464911,46,肝属郡南大隅町,31.217263,130.768098
464929,46,肝属郡肝付町,31.344256,130.945079
465011,46,熊毛郡中種子町,30.532822,130.958850
465020,46,熊毛郡南種子町,30.414071,130.900860
465054,46,熊毛郡屋久島町,30.371299,130.666468
465232,46,大島郡大和村,28.358089,129.395263
465241,46,大島郡宇検村,28.280731,129.297092
465259,46,大島郡瀬戸内町,28.146402,129.314902
465275,46,大島郡龍郷町,28.413297,129.589351
465291,46,大島郡喜界町,28.316836,129.940032
465305,46,大島郡徳之島町,27.726592,129.018669
465313,46,大島郡天城町,27.811782,128.897702
465321,46,大島郡伊仙町,27.673547,128.937795
465330,46,大島郡和泊町,27.392287,128.655475
465348,46,大島郡知名町,27.333676,128.573730
465356,46,大島郡与論町,27.048527,128.414832
472018,47,那覇市,26.212312,127.679157
472051,47,宜野湾市,26.281575,127.778634
472077,47,石垣市,24.340661,124.155580
472085,47,浦添市,26.245816,127.721799
472093,47,名護市,26.591547,127.977316
472107,47,糸満市,26.123584,127.665815
472115,47,沖縄市,26.334427,127.805583
472123,47,豊見城市,26.161006,127.668944
472131,47,うるま市,26.427062,127.829081
472140,47,宮古島市,24.805490,125.281149
472158,47,南城市,26.144452,127.766967
473014,47,国頭郡国頭村,26.745635,128.177907
473022,47,国頭郡大宜味村,26.701708,128.120164
473031,47,国頭郡東村,26.633309,128.156911
473065,47,国頭郡今帰仁村,26.682577,127.972628
473081,47,国頭郡本部町,26.657577,127.897831
473111,47,国頭郡恩納村,26.497500,127.853557
473138,47,国頭郡宜野座村,26.481659,127.975589
473146,47,国頭郡金武町,26.456126,127.925936
473154,47,国頭郡伊江村,26.713482,127.807070
473243,47,中頭郡読谷村,26.396055,127.744277
473251,47,中頭郡嘉手納町,26.361662,127.755322
473260,47,中頭郡北谷町,26.320119,127.763776
473278,47,中頭郡北中城村,26.301110,127.793149
473286,47,中頭郡中城村,26.267379,127.791126
473294,47,中頭郡西原町,26.222845,127.758811
473481,47,島尻郡与那原町,26.199577,127.754768
473502,47,島尻郡南風原町,26.191119,127.728551
473537,47,島尻郡渡嘉敷村,26.197343,127.364286
473545,47,島尻郡座間味村,26.228892,127.303157
473553,47,島尻郡粟国村,26.582370,127.227187
473561,47,島尻郡渡名喜村,26.372061,127.141021
473570,47,島尻郡南大東村,25.828684,131.232015
473588,47,島尻郡北大東村,25.945951,131.298994
473596,47,島尻郡伊平屋村,27.039054,127.968666
473600,47,島尻郡伊是名村,26.928363,127.941209
473618,47,島尻郡久米島町,26.349033,126.747248
473626,47,島尻郡八重瀬町,26.121745,127.742530
473758,47,宮古郡多良間村,24.669397,124.701668
473812,47,八重山郡竹富町,24.286667,123.881667
473821,47,八重山郡与那国町,24.467969,123.004453
